Product_Weight,Product_Sugar_Content,Product_Allocated_Area,Product_Type,Product_MRP,Store_Establishment_Year,Store_Size,Store_Location_City_Type,Store_Type
12.53,2,0.066,13,145.62,2009,1,1,3
13.29,0,0.086,3,135.99,2009,1,1,3
9.99,2,0.09,6,125.79,1987,0,1,2
10.72,1,0.049,8,92.94,1998,2,2,1
15.6,0,0.121,14,176.07,1987,0,1,2
11.87,0,0.1,0,130.28,2009,1,1,3
11.13,0,0.052,4,135.49,2009,1,1,3
14.02,0,0.09,14,118.48,2009,1,1,3
11.42,1,0.018,9,147.95,2009,1,1,3
9.55,0,0.043,14,88.28,1998,2,2,1
14.44,1,0.097,9,218.42,1999,1,0,0
10.95,0,0.073,15,145.75,2009,1,1,3
10.62,0,0.107,13,132.73,2009,1,1,3
9.45,1,0.035,9,129.31,1987,0,1,2
12.76,0,0.16,6,160.7,2009,1,1,3
12.94,0,0.027,14,120.3,2009,1,1,3
8.97,0,0.02,13,118.77,1998,2,2,1
11.56,0,0.086,6,141.52,2009,1,1,3
17.13,0,0.147,6,191.14,1999,1,0,0
13.2,0,0.133,7,119.63,2009,1,1,3
14.44,2,0.019,5,141.72,2009,1,1,3
11.17,0,0.039,7,121.43,2009,1,1,3
8.49,0,0.199,0,138.99,1987,0,1,2
12.92,2,0.013,13,117.1,2009,1,1,3
19.22,0,0.033,13,212.36,1999,1,0,0
12.67,0,0.042,1,159.77,2009,1,1,3
15.65,2,0.093,5,184.74,1987,0,1,2
9.72,0,0.162,10,113.3,1998,2,2,1
14.51,0,0.067,5,182.65,1987,0,1,2
12.8,0,0.016,14,194.7,1999,1,0,0
16.8,0,0.017,12,160.69,1987,0,1,2
15.05,0,0.1,3,229.89,1999,1,0,0
11.81,2,0.07,5,128.82,2009,1,1,3
13.22,2,0.098,3,213.71,1987,0,1,2
13.06,2,0.098,4,135.29,2009,1,1,3
10.17,1,0.031,9,156.69,2009,1,1,3
10.2,1,0.016,8,116.99,1998,2,2,1
15.45,2,0.012,5,191.07,1999,1,0,0
10.44,1,0.1,9,56.01,1998,2,2,1
13.73,2,0.07,2,142.45,2009,1,1,3
15.47,0,0.029,14,175.2,1987,0,1,2
12.16,2,0.03,14,158.08,2009,1,1,3
12.02,0,0.161,5,106.83,1987,0,1,2
12.81,0,0.031,6,168.24,2009,1,1,3
13.55,0,0.029,6,147.92,2009,1,1,3
12.15,2,0.047,5,140.69,2009,1,1,3
15.8,0,0.05,13,177.27,1987,0,1,2
11.93,0,0.076,6,143.45,2009,1,1,3
11.2,2,0.014,7,181.94,2009,1,1,3
16.3,0,0.071,4,154.75,1999,1,0,0
12.23,0,0.058,12,164.15,2009,1,1,3
10.41,0,0.021,3,151.97,2009,1,1,3
8.05,1,0.04,8,67.14,1998,2,2,1
10.46,1,0.047,8,97.59,1998,2,2,1
14.57,0,0.06,13,161.93,1987,0,1,2
10.57,0,0.042,10,125.25,2009,1,1,3
9.66,1,0.062,8,178.03,2009,1,1,3
13.53,1,0.023,9,196.65,1987,0,1,2
7.59,2,0.191,6,176.98,2009,1,1,3
19.12,2,0.056,10,193.68,1999,1,0,0
17.5,2,0.178,10,192.22,1999,1,0,0
12.47,2,0.064,10,156.27,2009,1,1,3
15.39,0,0.053,6,137.79,2009,1,1,3
14.17,2,0.064,6,142.1,2009,1,1,3
11.94,0,0.019,4,136.14,2009,1,1,3
9.68,0,0.16,4,137.65,2009,1,1,3
15.82,0,0.031,6,162.76,1999,1,0,0
11.75,2,0.031,13,61.57,1998,2,2,1
13.11,0,0.106,2,160.46,2009,1,1,3
13.08,1,0.019,8,97.93,2009,1,1,3
13.39,2,0.04,6,196.18,1987,0,1,2
14.26,2,0.026,3,149.2,2009,1,1,3
14.8,0,0.055,13,130.36,2009,1,1,3
12.69,2,0.076,4,155.65,2009,1,1,3
11.44,1,0.057,9,181.96,2009,1,1,3
14.83,1,0.081,8,114.04,2009,1,1,3
13.42,1,0.026,8,107.01,2009,1,1,3
11.56,1,0.098,9,122.14,2009,1,1,3
13.05,2,0.071,6,133.57,2009,1,1,3
12.96,0,0.076,13,149.13,2009,1,1,3
14.66,0,0.14,3,153.72,1987,0,1,2
13.51,0,0.212,13,143.48,2009,1,1,3
12.77,0,0.046,15,165.71,2009,1,1,3
11.69,2,0.076,3,132.88,2009,1,1,3
12.73,0,0.028,10,166.77,2009,1,1,3
12.25,2,0.031,10,102.71,1987,0,1,2
13.47,0,0.096,0,145.93,2009,1,1,3
12.5,2,0.081,3,135.26,2009,1,1,3
12.97,2,0.036,13,157.12,2009,1,1,3
10.46,0,0.077,4,107.28,1998,2,2,1
13.91,0,0.098,0,186.73,1987,0,1,2
11.3,0,0.022,4,133.51,2009,1,1,3
12.11,2,0.027,7,106.65,2009,1,1,3
14.25,1,0.009,9,194.45,1987,0,1,2
14.28,0,0.121,5,152.84,2009,1,1,3
8.43,0,0.124,13,128.61,1998,2,2,1
10.84,1,0.103,8,162.99,2009,1,1,3
14.04,1,0.167,8,145.76,2009,1,1,3
10.77,0,0.016,3,136.99,2009,1,1,3
9.16,0,0.047,4,123.95,1998,2,2,1
11.31,2,0.049,0,168.4,2009,1,1,3
15.76,2,0.128,14,177.51,1987,0,1,2
11.52,1,0.019,9,101.37,1998,2,2,1
5.91,2,0.159,15,90.33,1998,2,2,1
9.63,0,0.071,1,197.66,2009,1,1,3
9.72,2,0.029,10,142.16,2009,1,1,3
8.05,2,0.039,0,103.58,1998,2,2,1
14.6,0,0.015,0,147.56,2009,1,1,3
8.43,0,0.053,2,110.29,1998,2,2,1
11.65,2,0.017,0,181.67,2009,1,1,3
14.89,0,0.088,0,200.39,1999,1,0,0
9.62,0,0.103,10,134.38,2009,1,1,3
13.88,3,0.077,13,163.08,1987,0,1,2
11.64,0,0.097,13,78.01,1998,2,2,1
10.35,2,0.026,4,112.74,1998,2,2,1
14.42,0,0.073,12,154.35,1987,0,1,2
12.89,0,0.024,5,129.58,2009,1,1,3
14.54,2,0.055,6,147.53,2009,1,1,3
13.94,1,0.06,9,171.91,1999,1,0,0
10.57,1,0.042,8,102.9,1998,2,2,1
13.79,0,0.025,0,116.44,2009,1,1,3
13.91,0,0.076,6,157.43,2009,1,1,3
10.24,2,0.059,10,115.23,1998,2,2,1
9.96,2,0.047,3,118.1,1998,2,2,1
11.42,1,0.036,8,131.28,2009,1,1,3
11.77,0,0.091,1,147.67,2009,1,1,3
14.66,2,0.023,13,171.91,1999,1,0,0
13.61,0,0.255,5,184.29,1999,1,0,0
10.76,0,0.068,10,135.43,2009,1,1,3
12.42,2,0.091,2,141.97,2009,1,1,3
14.77,1,0.169,11,178.74,1987,0,1,2
13.84,2,0.056,10,98.99,2009,1,1,3
8.8,1,0.047,9,107.05,1998,2,2,1
9.19,0,0.116,5,123.58,1998,2,2,1
12.97,1,0.091,9,165.31,1999,1,0,0
13.81,0,0.058,13,160.24,2009,1,1,3
16.46,1,0.071,8,104.02,2009,1,1,3
7.12,2,0.227,6,94.79,1998,2,2,1
12.84,1,0.17,8,126.01,2009,1,1,3
13.04,0,0.044,0,143.05,2009,1,1,3
13.46,1,0.138,8,143.31,2009,1,1,3
9.84,1,0.093,11,146.17,2009,1,1,3
11.95,2,0.112,3,146.29,2009,1,1,3
12.41,0,0.028,4,171.25,2009,1,1,3
16.2,0,0.142,13,149.65,1999,1,0,0
14.54,0,0.027,4,201.84,1999,1,0,0
10.67,0,0.078,14,109.32,1998,2,2,1
10.61,1,0.065,9,126.3,2009,1,1,3
11.01,1,0.013,9,143.38,2009,1,1,3
11.87,1,0.073,8,164.44,2009,1,1,3
13.61,0,0.022,0,131.96,2009,1,1,3
10.92,1,0.142,8,184.73,1999,1,0,0
11.44,1,0.029,9,149.79,2009,1,1,3
14.85,0,0.047,4,138.58,2009,1,1,3
11.07,2,0.075,5,144.46,2009,1,1,3
11.67,1,0.039,9,167.34,2009,1,1,3
9.92,2,0.039,13,113.89,1998,2,2,1
8.69,1,0.053,8,127.49,1998,2,2,1
11.15,0,0.096,6,156.0,2009,1,1,3
12.43,0,0.133,6,137.6,2009,1,1,3
12.6,2,0.073,6,146.25,2009,1,1,3
13.07,0,0.063,13,150.55,2009,1,1,3
11.89,3,0.055,14,80.76,1998,2,2,1
13.83,0,0.018,3,166.21,1987,0,1,2
9.05,0,0.073,6,106.63,1998,2,2,1
8.51,1,0.1,9,121.64,1998,2,2,1
12.3,1,0.054,8,119.13,2009,1,1,3
10.98,0,0.168,10,115.45,1987,0,1,2
12.89,2,0.047,14,151.99,2009,1,1,3
15.82,2,0.141,10,148.73,1999,1,0,0
10.9,0,0.061,10,150.45,2009,1,1,3
15.26,0,0.035,4,162.84,1999,1,0,0
13.84,0,0.055,6,122.2,2009,1,1,3
15.57,0,0.128,1,161.96,1999,1,0,0
13.47,1,0.108,8,141.79,2009,1,1,3
11.56,0,0.055,10,153.11,2009,1,1,3
11.19,1,0.038,8,159.95,2009,1,1,3
11.19,1,0.077,11,89.56,1998,2,2,1
11.96,0,0.088,6,156.95,2009,1,1,3
14.06,0,0.013,4,134.94,2009,1,1,3
10.15,0,0.121,12,98.69,1998,2,2,1
11.22,2,0.071,5,159.34,2009,1,1,3
7.79,2,0.035,3,118.85,1998,2,2,1
16.96,2,0.08,4,150.74,1987,0,1,2
12.47,0,0.174,10,157.88,2009,1,1,3
14.43,2,0.016,6,149.64,2009,1,1,3
12.13,0,0.124,6,133.93,2009,1,1,3
10.25,0,0.051,13,156.28,2009,1,1,3
11.23,2,0.067,13,148.57,2009,1,1,3
15.61,2,0.034,13,171.59,1987,0,1,2
12.63,0,0.161,2,191.98,1999,1,0,0
11.65,2,0.119,10,130.74,2009,1,1,3
11.37,0,0.046,7,133.52,2009,1,1,3
11.13,2,0.105,6,126.25,2009,1,1,3
11.9,0,0.136,13,184.5,1987,0,1,2
15.72,1,0.028,8,147.45,1987,0,1,2
14.95,0,0.041,13,185.28,1987,0,1,2
12.84,2,0.106,13,148.22,2009,1,1,3
16.01,0,0.053,13,219.19,1999,1,0,0
15.62,0,0.014,15,169.94,1987,0,1,2
6.65,0,0.021,4,127.04,1998,2,2,1
17.53,2,0.058,5,193.39,1999,1,0,0
15.94,1,0.121,9,179.68,1987,0,1,2
13.08,0,0.136,7,157.84,2009,1,1,3
13.24,1,0.168,11,133.2,2009,1,1,3
15.92,0,0.045,3,191.88,1999,1,0,0
13.83,0,0.016,4,157.59,2009,1,1,3
12.99,0,0.026,13,126.49,2009,1,1,3
11.03,0,0.032,14,153.34,2009,1,1,3
14.14,2,0.22,10,139.43,2009,1,1,3
14.79,1,0.113,8,181.26,1987,0,1,2
13.05,2,0.015,5,145.06,2009,1,1,3
12.79,0,0.079,6,156.49,2009,1,1,3
12.71,0,0.013,6,186.96,1999,1,0,0
13.42,0,0.038,6,145.67,2009,1,1,3
17.72,0,0.086,13,192.25,1999,1,0,0
10.04,1,0.063,9,147.01,2009,1,1,3
10.74,2,0.12,3,139.39,2009,1,1,3
14.28,2,0.121,6,159.61,1987,0,1,2
11.43,0,0.174,5,162.44,2009,1,1,3
11.47,1,0.104,9,104.69,1987,0,1,2
11.03,2,0.185,5,183.66,2009,1,1,3
13.41,1,0.078,8,150.61,2009,1,1,3
11.66,0,0.12,7,106.36,1987,0,1,2
13.06,0,0.127,5,119.84,2009,1,1,3
11.48,0,0.099,5,159.91,2009,1,1,3
11.24,1,0.071,8,116.91,2009,1,1,3
6.96,1,0.153,11,59.22,1998,2,2,1
12.79,0,0.048,3,167.19,2009,1,1,3
10.52,1,0.081,9,152.17,2009,1,1,3
12.59,1,0.041,9,207.04,1987,0,1,2
8.72,0,0.026,6,102.83,1998,2,2,1
13.69,0,0.028,13,169.01,1987,0,1,2
11.43,0,0.138,1,143.95,2009,1,1,3
14.52,0,0.163,7,120.86,2009,1,1,3
13.81,2,0.044,4,208.17,1987,0,1,2
12.3,1,0.081,9,144.8,2009,1,1,3
14.51,0,0.041,4,139.17,2009,1,1,3
9.91,0,0.059,4,165.33,1999,1,0,0
12.6,2,0.031,4,203.64,1987,0,1,2
10.76,0,0.147,6,145.21,2009,1,1,3
10.92,0,0.053,6,146.88,2009,1,1,3
10.95,0,0.013,4,111.91,1987,0,1,2
11.99,0,0.013,4,138.93,2009,1,1,3
11.9,0,0.016,13,137.91,2009,1,1,3
11.67,0,0.118,3,179.54,2009,1,1,3
9.45,1,0.033,9,118.24,1998,2,2,1
16.77,0,0.02,10,171.19,1999,1,0,0
11.91,0,0.14,5,110.62,2009,1,1,3
9.37,0,0.026,10,175.97,2009,1,1,3
16.2,2,0.059,10,108.73,2009,1,1,3
10.48,1,0.023,11,108.81,1998,2,2,1
13.74,1,0.061,9,172.15,1999,1,0,0
13.57,2,0.017,7,164.9,1987,0,1,2
9.14,1,0.082,8,131.77,1987,0,1,2
11.41,0,0.058,13,136.52,2009,1,1,3
8.46,0,0.104,1,112.16,1998,2,2,1
9.21,0,0.017,6,127.47,1998,2,2,1
8.52,0,0.07,6,142.95,1987,0,1,2
10.33,2,0.03,13,177.97,2009,1,1,3
7.14,1,0.034,8,82.6,1998,2,2,1
14.61,0,0.111,3,152.39,1987,0,1,2
14.38,0,0.042,6,181.63,1987,0,1,2
11.11,2,0.019,5,112.91,1987,0,1,2
11.66,0,0.031,5,125.99,2009,1,1,3
11.12,1,0.021,9,120.62,2009,1,1,3
12.28,0,0.039,4,126.06,2009,1,1,3
12.46,0,0.115,4,153.71,2009,1,1,3
12.78,0,0.121,14,120.0,2009,1,1,3
10.03,0,0.038,13,111.68,1998,2,2,1
7.68,0,0.05,13,67.01,1998,2,2,1
13.99,1,0.076,9,71.99,1998,2,2,1
11.07,0,0.034,4,156.4,2009,1,1,3
12.74,2,0.033,0,168.17,2009,1,1,3
20.65,0,0.106,4,223.98,1999,1,0,0
12.13,2,0.047,5,135.78,2009,1,1,3
10.31,0,0.01,0,164.34,2009,1,1,3
11.08,3,0.015,13,143.07,2009,1,1,3
15.99,2,0.046,3,121.52,2009,1,1,3
13.22,0,0.027,13,150.63,2009,1,1,3
13.4,0,0.041,3,139.02,2009,1,1,3
14.43,1,0.099,9,160.51,1987,0,1,2
12.32,0,0.024,3,128.51,2009,1,1,3
15.3,0,0.087,4,199.37,1999,1,0,0
14.62,0,0.038,4,231.55,1999,1,0,0
14.74,0,0.069,7,162.03,1999,1,0,0
10.59,0,0.089,13,174.27,2009,1,1,3
12.51,2,0.021,13,142.41,2009,1,1,3
13.18,0,0.067,13,136.11,2009,1,1,3
9.98,0,0.057,6,103.51,1998,2,2,1
10.9,0,0.076,5,115.99,1987,0,1,2
13.04,0,0.015,4,122.08,2009,1,1,3
8.58,2,0.166,4,113.04,1998,2,2,1
14.36,2,0.055,3,181.23,1987,0,1,2
12.98,0,0.142,6,178.51,1987,0,1,2
16.17,2,0.022,6,160.29,1987,0,1,2
11.97,0,0.052,15,150.67,2009,1,1,3
15.19,0,0.022,3,208.18,1999,1,0,0
11.46,2,0.033,3,111.72,1987,0,1,2
9.44,1,0.035,9,122.54,1998,2,2,1
12.69,0,0.018,2,136.64,1999,1,0,0
16.83,0,0.041,5,175.24,1999,1,0,0
11.14,0,0.165,13,94.94,1998,2,2,1
16.48,1,0.011,9,155.02,1987,0,1,2
12.68,3,0.032,15,133.34,2009,1,1,3
15.11,0,0.031,6,198.22,1999,1,0,0
8.58,2,0.056,0,153.47,2009,1,1,3
14.94,0,0.016,3,137.4,2009,1,1,3
13.33,1,0.089,8,159.58,2009,1,1,3
12.44,0,0.025,6,157.96,2009,1,1,3
14.67,0,0.058,4,166.79,1999,1,0,0
14.28,2,0.14,6,144.26,2009,1,1,3
12.21,0,0.049,6,147.84,2009,1,1,3
12.57,0,0.036,6,143.09,2009,1,1,3
8.5,2,0.026,4,158.22,2009,1,1,3
16.1,0,0.034,15,193.49,1999,1,0,0
13.27,0,0.035,3,157.42,2009,1,1,3
12.45,0,0.045,5,143.25,2009,1,1,3
10.76,0,0.035,5,138.59,2009,1,1,3
11.47,0,0.059,6,144.01,2009,1,1,3
14.71,0,0.038,4,205.11,1999,1,0,0
15.97,2,0.057,6,170.65,1987,0,1,2
14.21,0,0.078,13,123.73,2009,1,1,3
11.75,1,0.086,8,122.61,2009,1,1,3
9.47,1,0.065,9,177.81,2009,1,1,3
14.78,2,0.018,3,188.4,1987,0,1,2
11.39,0,0.033,6,127.97,2009,1,1,3
11.44,0,0.042,3,153.91,2009,1,1,3
13.79,2,0.21,0,154.03,2009,1,1,3
18.04,1,0.054,11,223.08,1999,1,0,0
11.0,3,0.054,2,180.37,2009,1,1,3
13.45,2,0.038,7,133.56,2009,1,1,3
11.3,1,0.042,8,154.99,2009,1,1,3
12.85,1,0.046,9,136.75,2009,1,1,3
11.36,0,0.024,4,87.74,1998,2,2,1
16.19,0,0.123,10,225.35,1999,1,0,0
15.3,0,0.019,4,198.23,1999,1,0,0
13.05,2,0.065,5,161.83,2009,1,1,3
15.05,0,0.016,13,154.62,1987,0,1,2
13.9,1,0.128,8,140.59,2009,1,1,3
11.56,1,0.048,9,188.35,1987,0,1,2
13.16,2,0.1,3,166.38,2009,1,1,3
9.66,1,0.042,8,127.15,1987,0,1,2
12.77,2,0.094,10,176.93,1987,0,1,2
16.47,0,0.059,12,128.65,2009,1,1,3
12.46,2,0.07,6,93.19,1987,0,1,2
11.3,0,0.039,4,102.35,1998,2,2,1
11.09,1,0.021,9,157.97,2009,1,1,3
14.18,2,0.139,3,131.76,2009,1,1,3
20.31,0,0.131,13,190.63,1999,1,0,0
14.7,0,0.023,5,154.41,1987,0,1,2
13.83,2,0.055,2,106.74,2009,1,1,3
10.18,1,0.062,8,138.8,2009,1,1,3
13.62,0,0.011,13,177.88,1999,1,0,0
10.93,2,0.022,10,202.82,1999,1,0,0
11.69,0,0.12,4,161.38,2009,1,1,3
13.53,0,0.086,13,160.32,2009,1,1,3
11.1,0,0.137,5,147.9,2009,1,1,3
10.71,2,0.096,5,119.7,1987,0,1,2
12.84,2,0.062,13,183.08,1999,1,0,0
15.49,2,0.029,14,155.16,1999,1,0,0
17.96,0,0.039,14,170.04,1987,0,1,2
15.82,1,0.174,8,156.17,1999,1,0,0
11.1,0,0.008,4,153.22,2009,1,1,3
12.04,2,0.011,10,128.04,2009,1,1,3
13.55,0,0.079,6,124.94,2009,1,1,3
12.52,2,0.095,5,174.45,2009,1,1,3
13.0,1,0.027,8,161.88,2009,1,1,3
14.18,2,0.047,13,119.22,2009,1,1,3
9.66,0,0.024,13,101.85,1998,2,2,1
11.8,0,0.014,6,176.73,2009,1,1,3
10.59,0,0.086,13,148.3,2009,1,1,3
11.49,2,0.039,5,107.78,1987,0,1,2
13.74,2,0.028,10,184.46,1999,1,0,0
13.19,0,0.186,14,135.29,2009,1,1,3
12.09,0,0.131,13,131.26,1998,2,2,1
7.64,0,0.019,10,41.84,1998,2,2,1
12.29,2,0.108,15,156.35,2009,1,1,3
14.09,0,0.067,0,187.3,1987,0,1,2
10.09,1,0.038,8,150.73,2009,1,1,3
14.58,2,0.011,0,144.79,2009,1,1,3
12.41,1,0.039,9,133.28,2009,1,1,3
12.43,2,0.044,5,160.44,2009,1,1,3
11.05,2,0.16,0,163.96,2009,1,1,3
13.73,2,0.078,10,153.86,2009,1,1,3
12.37,2,0.049,0,181.19,1999,1,0,0
11.68,0,0.125,5,111.67,2009,1,1,3
9.9,0,0.015,5,126.82,1987,0,1,2
12.81,0,0.094,14,141.59,2009,1,1,3
14.57,0,0.027,5,205.45,1999,1,0,0
10.36,0,0.042,6,154.75,2009,1,1,3
11.3,0,0.074,3,153.49,2009,1,1,3
12.25,2,0.129,3,179.96,1987,0,1,2
11.88,0,0.039,3,91.12,1998,2,2,1
10.9,0,0.036,0,107.79,1998,2,2,1
11.19,0,0.077,0,160.45,2009,1,1,3
13.54,0,0.113,6,221.75,1999,1,0,0
8.87,0,0.042,3,113.46,1998,2,2,1
14.13,1,0.049,9,130.21,2009,1,1,3
11.17,0,0.036,14,118.58,2009,1,1,3
13.88,0,0.141,4,196.47,1987,0,1,2
14.7,0,0.178,4,157.63,1987,0,1,2
7.91,1,0.119,8,122.78,1998,2,2,1
10.56,0,0.1,13,92.82,1998,2,2,1
13.73,0,0.137,6,192.14,1987,0,1,2
14.12,1,0.051,9,165.15,1987,0,1,2
11.14,2,0.026,13,144.51,2009,1,1,3
10.97,3,0.023,0,146.95,2009,1,1,3
11.43,1,0.079,9,133.54,2009,1,1,3
12.76,2,0.016,0,168.41,2009,1,1,3
16.45,1,0.074,8,119.11,2009,1,1,3
9.52,0,0.076,4,128.96,1987,0,1,2
13.26,1,0.027,8,173.33,1987,0,1,2
13.73,1,0.089,9,172.36,1999,1,0,0
8.8,2,0.024,13,127.36,1998,2,2,1
10.42,1,0.11,8,128.48,2009,1,1,3
14.14,1,0.13,8,174.86,1999,1,0,0
12.66,0,0.105,4,191.4,1999,1,0,0
12.04,1,0.121,9,149.5,2009,1,1,3
11.18,1,0.057,8,141.09,2009,1,1,3
14.73,0,0.023,6,113.04,2009,1,1,3
13.23,0,0.104,4,137.7,2009,1,1,3
11.37,2,0.027,15,156.26,2009,1,1,3
15.09,2,0.058,5,117.38,2009,1,1,3
14.1,0,0.091,14,174.64,1999,1,0,0
11.98,2,0.03,5,146.34,2009,1,1,3
13.3,1,0.03,8,136.75,2009,1,1,3
9.9,2,0.015,10,85.56,1998,2,2,1
15.27,0,0.013,4,166.56,1999,1,0,0
14.5,0,0.072,10,154.7,1987,0,1,2
11.47,0,0.052,6,194.64,1987,0,1,2
9.47,2,0.049,13,142.76,2009,1,1,3
12.26,0,0.077,13,113.37,2009,1,1,3
10.2,2,0.055,6,117.14,1998,2,2,1
14.41,1,0.019,8,143.79,2009,1,1,3
16.38,0,0.029,13,160.63,1987,0,1,2
12.99,0,0.043,6,125.58,2009,1,1,3
11.24,0,0.041,10,118.24,2009,1,1,3
12.37,0,0.039,14,124.24,2009,1,1,3
5.81,0,0.053,13,68.8,1998,2,2,1
8.76,0,0.057,6,114.21,1998,2,2,1
13.93,0,0.031,14,164.12,1987,0,1,2
13.71,0,0.021,6,137.33,2009,1,1,3
14.12,1,0.083,11,171.03,1999,1,0,0
13.42,2,0.033,0,148.54,2009,1,1,3
11.32,0,0.072,5,123.07,2009,1,1,3
11.16,0,0.039,13,171.62,2009,1,1,3
13.61,0,0.124,4,157.98,2009,1,1,3
14.39,0,0.019,4,164.5,1999,1,0,0
12.04,2,0.078,13,144.72,2009,1,1,3
13.62,3,0.03,6,172.98,1999,1,0,0
11.16,0,0.04,13,126.22,2009,1,1,3
13.93,0,0.114,0,151.26,2009,1,1,3
15.78,2,0.291,10,150.61,1999,1,0,0
11.26,0,0.011,13,169.23,2009,1,1,3
15.15,2,0.021,13,130.79,2009,1,1,3
11.34,0,0.013,0,90.26,1998,2,2,1
13.44,2,0.035,4,156.55,2009,1,1,3
9.79,0,0.1,4,96.07,1998,2,2,1
8.94,1,0.087,8,108.35,1998,2,2,1
12.32,1,0.079,8,128.42,2009,1,1,3
12.31,3,0.067,5,172.49,2009,1,1,3
12.67,1,0.038,8,150.51,2009,1,1,3
10.52,0,0.044,0,87.07,1998,2,2,1
12.32,0,0.031,4,117.31,2009,1,1,3
10.95,0,0.027,10,191.65,2009,1,1,3
13.87,2,0.085,0,141.25,2009,1,1,3
9.2,0,0.085,0,109.8,1998,2,2,1
14.32,0,0.013,0,182.57,1987,0,1,2
14.4,0,0.091,13,193.78,1987,0,1,2
12.21,0,0.021,5,142.91,2009,1,1,3
11.41,2,0.034,3,131.14,2009,1,1,3
11.13,0,0.047,4,102.23,1998,2,2,1
8.67,1,0.014,8,131.35,1998,2,2,1
16.06,0,0.096,5,147.46,1999,1,0,0
13.21,0,0.042,3,171.81,1987,0,1,2
11.56,0,0.027,0,126.98,2009,1,1,3
15.32,0,0.031,6,166.32,1999,1,0,0
11.43,0,0.071,7,131.75,2009,1,1,3
14.26,0,0.115,14,169.85,1999,1,0,0
16.5,0,0.054,4,152.48,1999,1,0,0
12.91,0,0.047,6,163.6,2009,1,1,3
11.61,0,0.173,3,159.99,2009,1,1,3
12.57,0,0.052,0,119.79,2009,1,1,3
11.87,0,0.14,15,128.01,2009,1,1,3
18.3,0,0.018,3,151.98,1999,1,0,0
13.7,2,0.122,5,130.94,2009,1,1,3
12.73,0,0.042,6,143.71,2009,1,1,3
14.42,0,0.048,6,164.97,1999,1,0,0
13.01,0,0.043,5,162.94,2009,1,1,3
9.1,2,0.067,4,189.09,2009,1,1,3
13.2,0,0.077,6,136.92,2009,1,1,3
17.37,1,0.112,8,193.46,1999,1,0,0
11.57,1,0.041,8,112.41,2009,1,1,3
15.25,2,0.052,7,165.85,1999,1,0,0
11.44,0,0.038,1,99.71,1998,2,2,1
13.58,1,0.086,9,170.01,1998,2,2,1
13.61,0,0.177,6,167.03,1987,0,1,2
9.45,0,0.047,13,95.95,1998,2,2,1
11.79,0,0.023,6,154.96,2009,1,1,3
9.63,2,0.162,4,108.43,1998,2,2,1
12.71,0,0.072,13,171.51,2009,1,1,3
10.68,2,0.103,3,110.65,1998,2,2,1
11.86,0,0.049,6,150.58,2009,1,1,3
12.07,0,0.013,5,151.58,2009,1,1,3
12.92,0,0.052,4,129.27,2009,1,1,3
13.95,0,0.113,10,143.31,2009,1,1,3
13.93,0,0.082,4,182.74,1999,1,0,0
13.94,1,0.022,8,191.19,1987,0,1,2
11.83,2,0.12,10,124.6,2009,1,1,3
11.67,2,0.107,13,122.42,2009,1,1,3
11.94,1,0.089,11,97.93,1998,2,2,1
13.96,0,0.09,0,133.13,2009,1,1,3
7.62,0,0.136,3,62.17,1998,2,2,1
11.98,2,0.085,7,112.33,2009,1,1,3
13.71,2,0.121,12,162.82,1987,0,1,2
11.4,1,0.126,11,116.4,2009,1,1,3
9.98,2,0.027,0,125.22,1987,0,1,2
15.75,1,0.031,8,131.43,2009,1,1,3
11.12,2,0.066,14,181.96,2009,1,1,3
10.82,2,0.073,5,106.25,1998,2,2,1
12.02,0,0.032,7,132.36,2009,1,1,3
13.05,0,0.168,13,137.46,2009,1,1,3
9.3,0,0.024,4,102.53,1998,2,2,1
13.4,1,0.129,9,191.29,1987,0,1,2
13.9,0,0.033,14,187.96,1987,0,1,2
10.54,2,0.062,5,124.14,2009,1,1,3
15.55,2,0.025,6,163.35,1999,1,0,0
15.58,0,0.014,13,192.36,1999,1,0,0
15.16,2,0.104,2,174.94,1987,0,1,2
11.57,1,0.298,8,174.65,1999,1,0,0
10.87,2,0.067,6,147.96,2009,1,1,3
14.19,1,0.155,9,118.28,2009,1,1,3
14.73,2,0.139,15,170.69,1999,1,0,0
16.85,0,0.032,3,178.33,1999,1,0,0
12.56,2,0.066,0,145.21,2009,1,1,3
11.28,0,0.076,10,162.31,2009,1,1,3
10.97,2,0.128,13,112.59,1987,0,1,2
10.76,0,0.025,10,186.22,2009,1,1,3
15.75,1,0.059,9,171.93,1987,0,1,2
13.19,2,0.049,3,144.04,2009,1,1,3
11.55,0,0.038,6,144.6,2009,1,1,3
19.91,0,0.067,13,174.4,1999,1,0,0
15.78,0,0.083,3,198.38,1999,1,0,0
10.62,0,0.054,6,131.01,2009,1,1,3
11.14,0,0.015,4,201.78,1999,1,0,0
15.44,2,0.056,6,202.42,1999,1,0,0
14.38,0,0.073,4,206.22,1999,1,0,0
11.49,2,0.05,6,143.55,2009,1,1,3
13.04,1,0.16,9,134.52,2009,1,1,3
12.72,0,0.274,0,108.08,2009,1,1,3
14.58,1,0.295,8,161.96,1987,0,1,2
12.55,2,0.024,4,147.68,2009,1,1,3
15.74,0,0.166,10,157.48,1999,1,0,0
14.92,2,0.053,6,157.72,1987,0,1,2
14.94,2,0.018,4,196.74,1987,0,1,2
10.02,2,0.026,5,115.99,1998,2,2,1
14.69,0,0.053,6,152.72,1987,0,1,2
12.53,0,0.072,1,148.53,2009,1,1,3
13.0,0,0.027,5,146.74,2009,1,1,3
12.44,0,0.047,0,124.29,1999,1,0,0
13.24,2,0.131,3,171.54,1987,0,1,2
15.31,0,0.123,13,146.65,1987,0,1,2
11.96,0,0.062,5,143.25,2009,1,1,3
9.34,0,0.026,13,87.95,1998,2,2,1
10.9,2,0.083,13,121.33,2009,1,1,3
10.64,1,0.123,9,180.89,2009,1,1,3
13.7,1,0.09,8,181.34,1999,1,0,0
10.77,0,0.014,5,129.05,2009,1,1,3
12.6,2,0.131,3,164.77,2009,1,1,3
12.52,0,0.03,0,123.79,2009,1,1,3
12.74,2,0.087,4,177.62,1987,0,1,2
15.5,0,0.069,14,168.03,1999,1,0,0
10.88,2,0.184,3,136.57,2009,1,1,3
14.0,2,0.041,10,157.91,2009,1,1,3
9.92,1,0.104,8,120.78,1998,2,2,1
8.91,2,0.026,3,132.93,1987,0,1,2
11.68,0,0.053,0,141.24,2009,1,1,3
12.01,0,0.043,1,134.66,2009,1,1,3
11.15,1,0.019,8,148.13,2009,1,1,3
11.24,0,0.046,13,149.78,2009,1,1,3
8.21,0,0.018,4,87.91,1998,2,2,1
15.43,2,0.094,0,160.66,1999,1,0,0
14.45,0,0.042,10,170.68,1998,2,2,1
15.66,0,0.053,14,162.81,1999,1,0,0
15.17,0,0.12,10,124.25,2009,1,1,3
11.24,0,0.031,14,130.26,2009,1,1,3
11.0,0,0.035,6,147.9,2009,1,1,3
15.34,0,0.024,0,185.01,1987,0,1,2
10.72,1,0.031,8,168.18,2009,1,1,3
14.41,0,0.019,13,117.74,2009,1,1,3
13.3,0,0.142,13,166.26,2009,1,1,3
15.77,2,0.035,13,209.79,1999,1,0,0
14.49,0,0.011,4,203.67,1999,1,0,0
7.73,0,0.022,14,136.35,1998,2,2,1
10.72,0,0.163,14,150.44,2009,1,1,3
12.65,0,0.078,15,98.99,1987,0,1,2
17.21,0,0.058,10,166.04,1999,1,0,0
10.41,0,0.045,6,94.13,1998,2,2,1
10.03,2,0.166,13,139.29,2009,1,1,3
11.81,1,0.039,8,155.01,2009,1,1,3
12.65,2,0.048,3,80.12,1998,2,2,1
8.96,1,0.01,9,137.06,1987,0,1,2
12.37,2,0.096,6,159.01,2009,1,1,3
12.57,2,0.168,3,162.39,2009,1,1,3
9.54,2,0.077,2,89.16,1998,2,2,1
16.59,1,0.077,11,151.9,1999,1,0,0
9.98,2,0.129,13,110.72,1998,2,2,1
10.15,0,0.032,0,60.22,1998,2,2,1
16.92,2,0.041,13,178.04,1999,1,0,0
12.76,0,0.035,13,158.59,2009,1,1,3
13.59,1,0.007,9,145.95,2009,1,1,3
12.23,0,0.064,1,171.55,2009,1,1,3
12.95,0,0.089,3,153.25,2009,1,1,3
11.79,2,0.038,13,143.49,2009,1,1,3
11.12,1,0.026,9,104.77,1998,2,2,1
12.84,0,0.046,0,144.7,2009,1,1,3
16.4,0,0.038,14,166.56,1987,0,1,2
11.82,0,0.095,14,175.22,2009,1,1,3
13.84,2,0.035,6,132.15,2009,1,1,3
11.22,0,0.025,10,143.32,2009,1,1,3
14.26,2,0.026,10,181.37,1987,0,1,2
10.37,0,0.018,3,111.87,1998,2,2,1
12.79,2,0.041,6,168.13,2009,1,1,3
12.81,1,0.089,8,168.73,2009,1,1,3
13.14,1,0.025,9,152.12,2009,1,1,3
9.67,0,0.049,13,99.84,1999,1,0,0
13.18,1,0.015,8,121.54,2009,1,1,3
13.87,2,0.126,6,163.18,1987,0,1,2
15.36,1,0.056,8,187.11,1987,0,1,2
12.1,1,0.094,9,151.61,2009,1,1,3
12.62,1,0.117,8,195.81,1999,1,0,0
12.64,2,0.093,6,168.4,2009,1,1,3
15.72,2,0.018,1,187.38,1999,1,0,0
13.93,1,0.044,8,179.57,1999,1,0,0
9.6,0,0.033,6,144.63,2009,1,1,3
12.22,0,0.02,7,135.23,2009,1,1,3
11.42,0,0.028,13,152.78,2009,1,1,3
12.03,1,0.032,11,168.48,2009,1,1,3
15.92,0,0.14,10,96.04,2009,1,1,3
14.05,2,0.122,3,164.51,1987,0,1,2
10.98,0,0.03,0,179.08,2009,1,1,3
12.95,0,0.128,6,149.98,2009,1,1,3
13.34,0,0.027,13,165.36,2009,1,1,3
12.91,2,0.026,10,119.28,2009,1,1,3
16.23,0,0.009,4,184.92,1999,1,0,0
11.45,2,0.004,10,119.93,2009,1,1,3
12.57,2,0.036,5,172.0,2009,1,1,3
8.86,0,0.173,6,110.44,1998,2,2,1
14.7,0,0.03,10,175.92,1987,0,1,2
10.52,0,0.035,3,123.52,1987,0,1,2
14.73,0,0.027,3,148.35,2009,1,1,3
9.88,1,0.03,8,161.65,2009,1,1,3
9.91,2,0.142,5,124.09,1987,0,1,2
13.61,0,0.036,7,191.56,1987,0,1,2
13.45,2,0.049,4,179.74,1999,1,0,0
10.62,0,0.082,0,160.01,1999,1,0,0
13.15,0,0.053,13,116.92,2009,1,1,3
12.22,1,0.18,9,107.63,2009,1,1,3
13.82,0,0.098,6,149.84,2009,1,1,3
16.23,0,0.007,6,152.46,1999,1,0,0
16.97,2,0.077,5,190.24,1999,1,0,0
14.97,0,0.015,6,150.82,1987,0,1,2
13.9,0,0.063,5,118.24,2009,1,1,3
10.39,2,0.062,13,148.13,2009,1,1,3
11.14,0,0.039,4,180.49,2009,1,1,3
11.37,0,0.042,6,148.76,2009,1,1,3
10.36,0,0.026,5,129.89,2009,1,1,3
12.7,2,0.037,6,201.66,1987,0,1,2
12.32,0,0.01,5,160.78,2009,1,1,3
14.58,0,0.116,6,121.32,2009,1,1,3
10.79,1,0.041,9,168.8,2009,1,1,3
9.54,2,0.079,14,117.68,1987,0,1,2
9.21,1,0.147,8,111.69,1998,2,2,1
10.92,2,0.018,14,140.44,1999,1,0,0
11.12,1,0.121,8,121.1,2009,1,1,3
12.26,0,0.017,0,130.83,2009,1,1,3
13.31,0,0.077,0,169.93,1987,0,1,2
15.71,0,0.063,4,148.95,1987,0,1,2
11.43,0,0.014,10,139.72,2009,1,1,3
14.91,2,0.125,13,139.87,2009,1,1,3
12.23,0,0.019,4,137.19,2009,1,1,3
15.95,1,0.139,9,135.72,2009,1,1,3
10.67,2,0.27,5,145.07,2009,1,1,3
13.79,0,0.057,13,98.9,2009,1,1,3
11.2,1,0.089,9,166.49,2009,1,1,3
11.3,0,0.081,14,149.55,2009,1,1,3
11.18,1,0.04,8,162.28,2009,1,1,3
12.7,0,0.017,4,144.49,2009,1,1,3
13.49,0,0.049,0,175.16,1999,1,0,0
15.2,0,0.012,10,179.74,1987,0,1,2
12.86,1,0.071,8,129.34,2009,1,1,3
13.11,0,0.165,6,140.91,2009,1,1,3
9.65,0,0.066,2,82.08,1998,2,2,1
11.47,0,0.052,6,148.51,2009,1,1,3
12.75,2,0.073,0,132.21,2009,1,1,3
12.82,2,0.066,1,139.09,2009,1,1,3
9.18,2,0.029,14,98.11,1998,2,2,1
11.92,1,0.017,8,146.51,2009,1,1,3
10.62,2,0.068,3,145.3,2009,1,1,3
12.15,2,0.053,3,156.65,2009,1,1,3
14.22,1,0.08,8,181.36,1987,0,1,2
13.28,0,0.075,1,215.81,1999,1,0,0
13.71,0,0.061,5,140.64,2009,1,1,3
12.49,1,0.053,8,176.79,1987,0,1,2
12.75,2,0.02,6,139.42,2009,1,1,3
14.42,1,0.072,8,179.01,1987,0,1,2
13.45,0,0.032,5,126.96,2009,1,1,3
12.56,0,0.105,3,155.88,2009,1,1,3
13.56,0,0.184,15,136.92,2009,1,1,3
11.89,1,0.026,9,162.77,2009,1,1,3
11.04,0,0.128,14,149.87,2009,1,1,3
8.31,0,0.031,13,92.66,1998,2,2,1
10.98,0,0.008,6,147.43,2009,1,1,3
15.53,1,0.039,9,193.25,1999,1,0,0
14.56,0,0.286,0,128.02,2009,1,1,3
13.64,3,0.04,14,158.51,2009,1,1,3
13.01,0,0.052,5,144.55,2009,1,1,3
14.25,0,0.052,13,205.35,1999,1,0,0
12.92,0,0.118,6,183.5,1999,1,0,0
13.42,2,0.041,2,95.92,2009,1,1,3
10.46,0,0.015,5,128.68,2009,1,1,3
17.48,2,0.111,7,167.59,1999,1,0,0
11.8,0,0.064,6,139.51,2009,1,1,3
14.45,0,0.098,4,127.37,2009,1,1,3
12.73,1,0.073,8,148.4,2009,1,1,3
11.82,0,0.128,6,98.36,1998,2,2,1
14.73,0,0.021,3,172.75,1999,1,0,0
12.58,0,0.128,12,139.56,2009,1,1,3
13.02,0,0.102,13,168.86,2009,1,1,3
11.15,0,0.038,15,155.99,2009,1,1,3
15.48,2,0.044,10,155.55,1999,1,0,0
14.98,0,0.092,15,150.59,1987,0,1,2
8.65,1,0.021,9,118.18,1998,2,2,1
15.33,1,0.04,8,154.47,1999,1,0,0
12.61,0,0.085,14,163.98,2009,1,1,3
12.76,1,0.094,8,100.44,2009,1,1,3
14.98,2,0.046,13,161.48,1999,1,0,0
15.03,0,0.067,3,115.38,2009,1,1,3
8.27,1,0.04,8,152.07,2009,1,1,3
12.16,0,0.017,13,174.77,2009,1,1,3
11.27,1,0.021,9,151.5,2009,1,1,3
14.0,1,0.066,9,136.94,2009,1,1,3
11.14,0,0.089,13,174.32,2009,1,1,3
14.83,2,0.035,7,155.26,1987,0,1,2
14.46,1,0.026,9,161.98,1987,0,1,2
10.83,2,0.051,13,163.38,2009,1,1,3
14.02,1,0.005,8,140.49,2009,1,1,3
19.55,0,0.047,15,176.27,1999,1,0,0
13.89,1,0.193,9,168.44,1987,0,1,2
12.51,0,0.069,3,154.31,2009,1,1,3
11.57,0,0.065,6,111.84,1987,0,1,2
11.41,1,0.113,9,143.49,2009,1,1,3
13.75,0,0.016,6,172.22,1999,1,0,0
10.29,1,0.174,8,100.03,1998,2,2,1
13.82,0,0.047,4,168.29,1987,0,1,2
14.41,2,0.035,5,131.41,2009,1,1,3
10.3,2,0.134,13,137.82,2009,1,1,3
11.3,0,0.033,14,163.81,2009,1,1,3
11.27,0,0.027,10,87.56,1998,2,2,1
8.27,2,0.145,13,116.25,1998,2,2,1
10.31,0,0.07,4,122.61,1987,0,1,2
17.39,0,0.07,14,137.14,1999,1,0,0
13.13,2,0.053,3,148.39,2009,1,1,3
11.39,0,0.066,3,153.58,2009,1,1,3
8.41,0,0.038,4,125.52,1998,2,2,1
8.91,1,0.013,8,127.02,1998,2,2,1
15.8,0,0.09,0,183.34,1987,0,1,2
13.33,0,0.174,5,112.98,2009,1,1,3
17.58,1,0.077,11,186.16,1999,1,0,0
10.81,2,0.04,5,117.47,1987,0,1,2
9.62,2,0.128,0,128.23,1987,0,1,2
11.67,2,0.103,6,134.73,2009,1,1,3
13.24,0,0.054,0,123.06,2009,1,1,3
17.79,0,0.049,4,164.33,1999,1,0,0
10.38,2,0.012,6,87.14,1998,2,2,1
13.76,2,0.059,6,142.63,2009,1,1,3
13.78,1,0.012,11,154.9,2009,1,1,3
11.43,1,0.057,11,104.83,1987,0,1,2
13.32,2,0.08,5,161.91,2009,1,1,3
10.06,0,0.127,13,93.41,1987,0,1,2
9.94,0,0.126,6,114.27,1998,2,2,1
18.0,0,0.118,6,179.6,1999,1,0,0
11.38,0,0.086,6,168.02,2009,1,1,3
12.81,0,0.066,6,157.7,2009,1,1,3
13.45,0,0.094,0,192.35,1987,0,1,2
18.98,2,0.021,5,203.09,1999,1,0,0
15.81,0,0.088,4,130.95,2009,1,1,3
14.44,0,0.012,14,151.93,2009,1,1,3
10.29,0,0.113,3,166.58,2009,1,1,3
12.94,0,0.075,13,109.45,2009,1,1,3
17.29,0,0.125,0,207.43,1999,1,0,0
15.7,0,0.042,10,169.76,1987,0,1,2
13.04,0,0.034,4,185.53,1999,1,0,0
11.25,1,0.031,9,105.49,1998,2,2,1
13.79,0,0.106,6,162.59,1987,0,1,2
10.01,2,0.053,4,111.14,1998,2,2,1
11.86,2,0.035,2,101.33,1987,0,1,2
16.07,2,0.067,10,176.39,1987,0,1,2
8.85,2,0.034,13,104.51,1998,2,2,1
16.67,0,0.017,4,208.21,1999,1,0,0
14.7,0,0.015,14,227.14,1999,1,0,0
12.81,1,0.074,8,111.97,2009,1,1,3
12.0,1,0.076,8,152.55,2009,1,1,3
14.5,0,0.172,6,156.08,1987,0,1,2
15.45,2,0.28,13,160.62,1999,1,0,0
11.58,0,0.018,10,141.99,2009,1,1,3
15.18,2,0.079,13,190.65,1987,0,1,2
11.14,0,0.038,4,138.81,2009,1,1,3
11.48,2,0.031,0,113.48,2009,1,1,3
9.86,2,0.01,0,152.54,2009,1,1,3
9.06,0,0.027,3,152.67,2009,1,1,3
9.6,1,0.06,8,124.9,1987,0,1,2
15.49,0,0.149,6,166.24,1999,1,0,0
13.28,2,0.115,10,184.11,1999,1,0,0
12.31,0,0.029,0,132.27,2009,1,1,3
12.95,0,0.076,4,157.84,2009,1,1,3
8.95,2,0.016,0,108.2,1998,2,2,1
14.5,0,0.102,13,145.7,2009,1,1,3
12.74,1,0.113,8,188.23,1999,1,0,0
10.2,0,0.073,4,152.0,2009,1,1,3
13.09,0,0.062,14,132.24,2009,1,1,3
14.5,0,0.062,10,180.97,1987,0,1,2
14.96,2,0.033,0,179.22,1987,0,1,2
15.01,0,0.033,4,190.45,1987,0,1,2
14.93,1,0.047,9,202.51,1999,1,0,0
11.35,0,0.062,4,131.18,2009,1,1,3
10.41,1,0.035,9,134.92,2009,1,1,3
9.65,2,0.154,10,119.85,1999,1,0,0
10.44,2,0.022,5,97.29,1998,2,2,1
13.6,0,0.022,13,147.93,2009,1,1,3
12.69,2,0.113,1,137.99,2009,1,1,3
10.46,1,0.118,9,155.19,1998,2,2,1
13.32,0,0.047,6,142.68,2009,1,1,3
11.64,0,0.078,10,190.67,1987,0,1,2
10.5,0,0.14,0,106.26,1998,2,2,1
14.5,0,0.033,0,160.2,1987,0,1,2
15.93,2,0.026,0,168.48,1987,0,1,2
14.79,0,0.065,14,176.73,1987,0,1,2
10.11,0,0.036,6,139.32,2009,1,1,3
16.13,2,0.069,13,157.36,1999,1,0,0
8.9,2,0.02,6,108.29,1998,2,2,1
14.3,0,0.038,13,102.93,2009,1,1,3
10.92,0,0.023,14,114.87,1987,0,1,2
12.56,2,0.128,0,163.28,2009,1,1,3
11.74,0,0.03,2,90.7,1998,2,2,1
12.08,0,0.035,13,119.58,2009,1,1,3
8.96,0,0.01,4,96.35,1998,2,2,1
15.09,2,0.037,13,128.49,2009,1,1,3
9.37,0,0.086,14,157.13,2009,1,1,3
12.4,0,0.056,13,168.06,2009,1,1,3
12.75,0,0.093,14,116.25,2009,1,1,3
13.59,1,0.015,9,141.86,2009,1,1,3
12.78,0,0.128,13,171.78,2009,1,1,3
14.77,1,0.055,8,151.41,1987,0,1,2
9.16,0,0.026,6,86.38,1998,2,2,1
9.51,1,0.079,9,94.15,1998,2,2,1
11.89,0,0.1,6,165.2,2009,1,1,3
15.79,0,0.146,12,159.01,1999,1,0,0
10.89,0,0.173,6,105.54,1998,2,2,1
11.82,0,0.061,10,113.32,2009,1,1,3
13.98,0,0.039,6,178.92,1999,1,0,0
14.99,0,0.025,1,194.94,1987,0,1,2
16.46,0,0.01,6,186.04,1999,1,0,0
14.22,2,0.027,10,170.66,1999,1,0,0
10.89,2,0.032,0,147.02,2009,1,1,3
12.97,2,0.036,13,184.16,1999,1,0,0
11.89,2,0.028,0,108.68,1987,0,1,2
12.85,2,0.071,14,149.41,2009,1,1,3
12.15,0,0.107,4,118.28,2009,1,1,3
12.39,0,0.015,0,171.28,2009,1,1,3
13.58,1,0.04,8,144.93,2009,1,1,3
11.88,0,0.21,5,129.82,2009,1,1,3
9.36,1,0.039,9,107.02,1998,2,2,1
14.52,0,0.031,13,174.8,1999,1,0,0
5.72,2,0.054,6,73.62,1998,2,2,1
12.61,0,0.086,3,146.61,2009,1,1,3
11.01,0,0.123,5,101.95,1998,2,2,1
7.73,1,0.068,8,115.8,1998,2,2,1
13.24,2,0.077,10,160.15,2009,1,1,3
12.97,0,0.147,14,133.97,2009,1,1,3
11.5,0,0.128,6,132.55,2009,1,1,3
15.64,2,0.06,0,183.21,1987,0,1,2
14.53,0,0.132,0,174.17,1999,1,0,0
13.76,0,0.153,4,164.47,1987,0,1,2
15.95,0,0.043,13,196.35,1999,1,0,0
9.14,2,0.036,0,159.23,2009,1,1,3
11.05,1,0.12,8,147.05,2009,1,1,3
13.23,0,0.123,15,109.06,2009,1,1,3
10.24,0,0.078,13,133.55,2009,1,1,3
9.65,0,0.117,1,106.35,1998,2,2,1
11.03,0,0.024,0,82.26,1998,2,2,1
10.77,1,0.069,9,145.19,2009,1,1,3
13.92,0,0.013,5,175.56,1999,1,0,0
11.19,0,0.015,6,168.64,2009,1,1,3
11.09,2,0.036,12,110.69,1987,0,1,2
13.62,0,0.074,4,129.19,2009,1,1,3
14.67,1,0.118,11,173.5,1999,1,0,0
10.77,1,0.126,9,141.22,2009,1,1,3
13.28,0,0.045,4,149.12,2009,1,1,3
12.83,0,0.017,7,117.53,2009,1,1,3
12.67,2,0.119,12,152.41,2009,1,1,3
12.02,1,0.026,8,186.55,1987,0,1,2
12.25,0,0.025,13,153.72,2009,1,1,3
11.29,0,0.071,4,154.96,2009,1,1,3
14.85,0,0.113,13,177.8,1998,2,2,1
11.76,2,0.082,6,180.96,2009,1,1,3
8.47,2,0.033,14,116.52,1998,2,2,1
16.5,0,0.11,3,160.79,1987,0,1,2
12.72,0,0.151,13,127.92,2009,1,1,3
15.76,2,0.038,4,170.12,1987,0,1,2
10.77,2,0.065,3,104.63,1998,2,2,1
12.95,2,0.023,10,138.22,2009,1,1,3
13.61,2,0.044,0,130.29,2009,1,1,3
14.58,1,0.058,9,155.51,1987,0,1,2
10.69,0,0.039,5,103.88,1998,2,2,1
11.85,0,0.03,0,157.48,2009,1,1,3
9.12,2,0.057,13,136.29,1987,0,1,2
8.62,2,0.16,13,104.51,1998,2,2,1
11.55,0,0.035,6,90.8,1987,0,1,2
14.22,1,0.077,9,145.91,2009,1,1,3
14.19,2,0.182,0,141.96,2009,1,1,3
13.3,0,0.11,10,103.39,2009,1,1,3
10.51,0,0.048,4,76.35,1998,2,2,1
12.0,0,0.097,4,141.49,2009,1,1,3
10.98,0,0.029,3,163.33,2009,1,1,3
13.06,2,0.112,10,87.14,1987,0,1,2
12.21,0,0.108,13,173.81,2009,1,1,3
15.3,0,0.085,0,160.14,1999,1,0,0
12.82,0,0.112,4,178.24,1987,0,1,2
13.31,2,0.054,13,143.27,2009,1,1,3
13.89,1,0.031,9,151.15,2009,1,1,3
10.42,0,0.032,6,103.85,1998,2,2,1
11.62,1,0.034,9,161.09,2009,1,1,3
11.32,1,0.034,9,131.74,2009,1,1,3
9.88,0,0.046,6,168.91,2009,1,1,3
14.8,2,0.106,4,160.86,1999,1,0,0
9.65,2,0.092,13,140.61,1999,1,0,0
12.92,0,0.028,6,191.12,1999,1,0,0
10.78,0,0.08,4,155.54,2009,1,1,3
9.58,0,0.126,0,170.34,2009,1,1,3
10.57,0,0.053,0,119.58,1987,0,1,2
14.74,0,0.147,3,99.48,2009,1,1,3
16.3,0,0.014,13,171.06,1987,0,1,2
9.8,1,0.21,8,112.39,1998,2,2,1
8.48,2,0.186,3,81.59,1998,2,2,1
13.07,0,0.118,4,172.25,1987,0,1,2
12.76,0,0.017,10,192.15,1999,1,0,0
12.17,2,0.03,4,146.13,2009,1,1,3
14.37,0,0.142,6,133.57,2009,1,1,3
12.1,2,0.019,6,93.81,1998,2,2,1
13.11,2,0.11,6,176.0,1987,0,1,2
15.01,1,0.094,9,164.47,1999,1,0,0
10.51,0,0.062,4,53.83,1998,2,2,1
13.37,0,0.089,4,108.51,2009,1,1,3
12.24,0,0.14,6,127.3,2009,1,1,3
14.61,0,0.094,13,165.52,1999,1,0,0
16.95,2,0.042,6,194.85,1999,1,0,0
10.74,0,0.175,6,151.56,2009,1,1,3
15.87,0,0.099,6,128.43,2009,1,1,3
14.08,3,0.121,13,159.31,1987,0,1,2
10.45,2,0.021,13,161.39,2009,1,1,3
11.92,0,0.035,10,166.65,2009,1,1,3
12.44,2,0.02,13,150.39,2009,1,1,3
14.34,3,0.014,10,160.3,1987,0,1,2
13.15,2,0.056,10,134.82,2009,1,1,3
12.87,1,0.055,8,148.99,2009,1,1,3
13.79,0,0.124,4,133.55,2009,1,1,3
15.21,2,0.035,3,159.27,1987,0,1,2
16.53,2,0.077,10,215.22,1999,1,0,0
10.88,0,0.058,12,105.11,1998,2,2,1
10.52,0,0.045,4,153.92,2009,1,1,3
10.29,1,0.023,8,123.32,1987,0,1,2
13.94,1,0.03,9,95.32,2009,1,1,3
13.84,2,0.176,13,171.83,1999,1,0,0
15.29,0,0.029,6,173.15,1998,2,2,1
15.51,3,0.073,14,170.86,1987,0,1,2
12.7,0,0.108,10,99.65,1987,0,1,2
10.13,0,0.128,5,100.5,1998,2,2,1
13.75,0,0.023,4,161.12,2009,1,1,3
10.52,0,0.024,0,132.07,2009,1,1,3
10.6,0,0.027,10,91.29,1987,0,1,2
14.76,0,0.113,4,129.19,2009,1,1,3
10.4,2,0.1,13,93.25,1998,2,2,1
12.03,1,0.084,9,127.16,2009,1,1,3
13.74,1,0.149,9,157.19,2009,1,1,3
9.06,0,0.074,13,120.19,1998,2,2,1
13.19,0,0.169,13,146.81,2009,1,1,3
9.97,1,0.083,9,96.19,1998,2,2,1
7.96,2,0.017,6,115.71,1998,2,2,1
11.6,0,0.129,3,118.92,2009,1,1,3
9.55,2,0.127,4,100.28,1998,2,2,1
6.6,0,0.17,6,107.3,1998,2,2,1
7.89,0,0.048,6,110.15,1998,2,2,1
12.97,0,0.115,3,136.05,2009,1,1,3
8.71,0,0.076,4,153.67,2009,1,1,3
13.47,0,0.078,14,156.38,2009,1,1,3
14.8,0,0.017,13,177.73,1987,0,1,2
16.55,2,0.052,3,184.84,1999,1,0,0
11.99,0,0.075,5,161.14,2009,1,1,3
11.27,0,0.031,14,154.9,2009,1,1,3
12.95,2,0.162,4,157.08,2009,1,1,3
15.62,0,0.164,5,133.28,2009,1,1,3
10.92,2,0.035,6,96.86,1998,2,2,1
12.98,1,0.211,9,118.77,2009,1,1,3
14.34,0,0.03,15,147.15,2009,1,1,3
14.62,0,0.015,10,171.2,1999,1,0,0
12.14,0,0.027,13,140.48,2009,1,1,3
11.89,0,0.061,6,134.16,2009,1,1,3
14.1,0,0.026,4,95.96,2009,1,1,3
14.57,2,0.077,12,145.88,2009,1,1,3
13.38,0,0.018,6,138.23,2009,1,1,3
11.7,2,0.185,4,199.75,1987,0,1,2
12.06,0,0.082,4,141.87,2009,1,1,3
11.0,0,0.173,3,126.72,2009,1,1,3
12.55,0,0.08,6,148.43,2009,1,1,3
16.75,0,0.027,2,211.71,1999,1,0,0
8.25,0,0.01,10,151.69,2009,1,1,3
13.53,0,0.057,6,128.73,2009,1,1,3
16.65,0,0.089,6,190.63,1999,1,0,0
16.09,2,0.141,3,182.79,1999,1,0,0
14.09,0,0.074,1,179.77,1999,1,0,0
12.66,0,0.027,5,117.08,2009,1,1,3
11.47,2,0.089,6,102.13,1999,1,0,0
12.39,0,0.076,5,184.01,1987,0,1,2
15.98,0,0.016,4,176.26,1987,0,1,2
12.03,0,0.044,13,126.03,2009,1,1,3
10.25,0,0.064,5,93.78,1998,2,2,1
11.67,2,0.098,5,139.09,2009,1,1,3
15.62,2,0.056,3,164.29,1999,1,0,0
13.81,0,0.017,6,164.81,1987,0,1,2
12.6,1,0.087,9,145.18,2009,1,1,3
9.6,1,0.041,8,164.6,2009,1,1,3
12.06,1,0.165,8,101.07,1987,0,1,2
12.88,0,0.148,13,121.06,2009,1,1,3
14.68,0,0.014,13,164.7,1999,1,0,0
10.89,0,0.061,5,84.31,1998,2,2,1
7.27,0,0.011,13,104.5,1998,2,2,1
14.51,0,0.14,4,171.24,1999,1,0,0
11.72,2,0.101,0,116.19,2009,1,1,3
12.4,1,0.116,8,151.96,2009,1,1,3
11.05,2,0.076,4,164.46,2009,1,1,3
8.26,0,0.042,10,94.14,1998,2,2,1
14.63,1,0.045,9,128.34,2009,1,1,3
15.67,0,0.078,7,144.64,1987,0,1,2
13.65,0,0.011,1,159.29,2009,1,1,3
12.7,0,0.021,5,153.44,2009,1,1,3
10.55,0,0.07,0,113.13,1998,2,2,1
12.17,1,0.045,8,156.69,2009,1,1,3
12.68,0,0.058,6,74.35,1998,2,2,1
15.15,0,0.019,1,145.79,2009,1,1,3
13.41,1,0.02,8,163.29,2009,1,1,3
9.98,2,0.092,13,135.0,2009,1,1,3
6.85,0,0.098,10,112.86,1998,2,2,1
9.76,0,0.044,14,118.38,1998,2,2,1
12.84,2,0.052,5,177.88,1987,0,1,2
12.01,0,0.099,3,119.46,2009,1,1,3
12.92,2,0.137,14,106.24,2009,1,1,3
11.7,2,0.185,5,124.5,2009,1,1,3
12.66,0,0.031,13,71.59,1998,2,2,1
12.65,1,0.145,8,134.69,2009,1,1,3
18.94,0,0.128,14,194.74,1999,1,0,0
18.31,0,0.071,13,175.55,1999,1,0,0
10.38,0,0.095,5,131.93,2009,1,1,3
12.35,2,0.015,6,152.86,2009,1,1,3
15.96,2,0.016,10,136.4,2009,1,1,3
11.11,0,0.02,14,163.11,2009,1,1,3
12.46,0,0.085,14,187.7,1999,1,0,0
13.1,1,0.142,8,194.13,1987,0,1,2
12.83,0,0.09,14,166.31,2009,1,1,3
14.57,0,0.021,4,158.74,1987,0,1,2
12.52,0,0.026,0,155.11,2009,1,1,3
17.11,2,0.163,0,130.49,1987,0,1,2
11.64,0,0.029,5,182.5,2009,1,1,3
13.21,2,0.061,14,144.53,2009,1,1,3
14.84,0,0.068,0,179.73,1987,0,1,2
10.89,0,0.02,6,100.18,1998,2,2,1
9.79,1,0.027,8,175.9,2009,1,1,3
13.02,2,0.033,6,174.11,1987,0,1,2
13.49,2,0.089,4,153.55,2009,1,1,3
12.95,0,0.112,6,118.32,2009,1,1,3
14.37,0,0.066,14,167.02,1987,0,1,2
14.7,2,0.077,7,212.65,1999,1,0,0
15.58,0,0.103,3,197.53,1999,1,0,0
13.99,0,0.029,10,194.61,1987,0,1,2
18.95,0,0.015,5,222.53,1999,1,0,0
11.96,1,0.078,9,172.14,2009,1,1,3
16.01,0,0.053,6,156.07,1999,1,0,0
14.47,0,0.155,5,140.23,2009,1,1,3
15.1,0,0.17,7,193.93,1998,2,2,1
14.58,2,0.04,15,152.5,1987,0,1,2
12.3,2,0.018,6,135.69,2009,1,1,3
10.28,0,0.135,6,113.83,1998,2,2,1
11.07,0,0.058,4,147.38,2009,1,1,3
12.58,3,0.093,15,159.98,2009,1,1,3
11.52,0,0.079,3,163.24,2009,1,1,3
12.36,0,0.029,0,182.54,1987,0,1,2
11.39,2,0.067,13,115.79,2009,1,1,3
12.84,0,0.011,6,101.99,2009,1,1,3
14.79,2,0.036,3,146.22,2009,1,1,3
14.43,2,0.038,5,150.27,2009,1,1,3
12.07,0,0.015,13,145.3,2009,1,1,3
14.72,1,0.067,9,175.44,1987,0,1,2
7.55,1,0.052,8,98.17,1998,2,2,1
10.74,0,0.126,13,149.78,2009,1,1,3
12.03,0,0.104,0,168.73,2009,1,1,3
11.86,0,0.025,6,113.84,2009,1,1,3
13.84,2,0.045,15,202.23,1987,0,1,2
9.64,2,0.076,0,170.36,2009,1,1,3
7.98,0,0.042,10,122.15,1998,2,2,1
14.6,0,0.112,13,173.31,1999,1,0,0
10.77,0,0.12,0,99.48,1998,2,2,1
14.23,1,0.191,9,167.6,1999,1,0,0
12.78,2,0.035,0,89.61,1987,0,1,2
10.21,2,0.013,4,107.51,1998,2,2,1
13.07,1,0.126,8,148.88,2009,1,1,3
12.91,2,0.035,6,140.6,2009,1,1,3
12.11,0,0.091,6,170.34,2009,1,1,3
14.27,0,0.086,10,198.91,1987,0,1,2
13.51,0,0.04,4,161.85,2009,1,1,3
10.28,2,0.069,4,130.75,2009,1,1,3
10.39,1,0.041,8,128.16,2009,1,1,3
11.03,0,0.274,10,157.22,2009,1,1,3
13.61,0,0.033,10,117.34,2009,1,1,3
10.15,1,0.014,9,59.96,1998,2,2,1
11.6,0,0.034,6,113.54,2009,1,1,3
16.65,0,0.026,6,188.74,1999,1,0,0
9.93,0,0.045,15,124.12,1987,0,1,2
9.72,0,0.114,3,146.37,2009,1,1,3
14.59,2,0.105,0,159.67,1998,2,2,1
12.98,1,0.04,9,183.24,1999,1,0,0
14.73,0,0.027,14,156.1,1987,0,1,2
10.49,2,0.027,3,138.04,2009,1,1,3
14.71,0,0.034,14,140.78,2009,1,1,3
14.13,2,0.032,6,162.07,1987,0,1,2
11.15,0,0.096,5,76.14,1987,0,1,2
11.55,2,0.059,14,130.07,2009,1,1,3
7.86,0,0.027,13,110.26,1998,2,2,1
11.89,1,0.072,9,159.91,2009,1,1,3
9.54,0,0.144,14,136.84,2009,1,1,3
10.86,2,0.05,6,137.11,2009,1,1,3
12.69,0,0.025,10,128.45,2009,1,1,3
14.71,0,0.016,13,154.94,1987,0,1,2
12.95,2,0.076,10,155.55,2009,1,1,3
12.59,0,0.031,13,184.38,1999,1,0,0
14.74,1,0.067,9,142.5,2009,1,1,3
13.39,1,0.112,9,156.21,2009,1,1,3
10.32,0,0.053,13,123.72,1987,0,1,2
15.09,2,0.077,13,131.45,2009,1,1,3
12.56,0,0.017,0,161.04,2009,1,1,3
10.25,0,0.17,12,135.07,2009,1,1,3
14.69,0,0.031,4,151.12,2009,1,1,3
13.38,0,0.038,13,142.12,2009,1,1,3
12.92,1,0.086,8,174.86,1987,0,1,2
14.93,0,0.118,6,171.78,1999,1,0,0
12.21,0,0.034,0,133.22,2009,1,1,3
14.61,0,0.016,4,141.97,2009,1,1,3
13.45,2,0.076,14,145.41,2009,1,1,3
16.01,1,0.104,8,237.33,1999,1,0,0
12.31,0,0.049,3,84.27,1998,2,2,1
15.87,1,0.08,9,167.92,1987,0,1,2
13.76,2,0.064,13,189.07,1987,0,1,2
15.22,2,0.049,13,189.82,1987,0,1,2
12.57,0,0.189,6,217.09,1987,0,1,2
11.81,0,0.058,1,111.58,2009,1,1,3
13.7,0,0.119,13,175.92,1999,1,0,0
13.07,0,0.014,13,146.04,2009,1,1,3
14.98,0,0.021,5,159.73,1999,1,0,0
14.56,3,0.105,0,180.21,1987,0,1,2
12.95,1,0.141,9,148.36,2009,1,1,3
13.2,1,0.019,8,194.9,1987,0,1,2
12.11,1,0.079,8,132.74,2009,1,1,3
14.47,0,0.049,0,170.25,1999,1,0,0
15.51,0,0.054,7,165.39,1999,1,0,0
14.25,0,0.055,12,190.69,1987,0,1,2
10.2,0,0.115,13,127.73,2009,1,1,3
10.88,0,0.058,13,226.59,1987,0,1,2
13.19,2,0.062,10,160.97,2009,1,1,3
12.49,0,0.171,13,142.49,2009,1,1,3
13.1,2,0.031,5,164.26,2009,1,1,3
8.01,0,0.138,10,97.48,1998,2,2,1
13.33,2,0.048,0,173.82,1987,0,1,2
15.22,2,0.098,5,172.71,1987,0,1,2
16.47,0,0.126,6,141.35,1987,0,1,2
12.57,1,0.025,9,110.3,2009,1,1,3
17.65,2,0.072,5,173.66,1999,1,0,0
12.54,0,0.077,0,135.28,2009,1,1,3
12.37,0,0.067,10,145.37,2009,1,1,3
13.75,1,0.161,11,196.25,1987,0,1,2
13.1,1,0.068,8,152.97,2009,1,1,3
15.01,0,0.095,4,199.05,1999,1,0,0
13.18,0,0.104,5,156.22,2009,1,1,3
15.87,0,0.093,6,185.03,1999,1,0,0
13.21,2,0.026,6,120.97,2009,1,1,3
10.93,1,0.055,8,149.27,2009,1,1,3
12.27,2,0.061,10,134.88,2009,1,1,3
15.27,1,0.125,9,136.16,1998,2,2,1
11.77,0,0.057,4,132.2,2009,1,1,3
14.92,0,0.108,5,175.43,1987,0,1,2
11.23,1,0.066,9,115.7,1987,0,1,2
19.0,0,0.026,4,202.27,1999,1,0,0
12.51,1,0.039,8,160.5,2009,1,1,3
11.24,0,0.026,13,150.93,2009,1,1,3
12.1,0,0.031,3,122.32,2009,1,1,3
16.64,2,0.12,2,194.21,1999,1,0,0
12.67,2,0.074,6,139.06,2009,1,1,3
13.96,0,0.057,13,190.61,1987,0,1,2
19.61,2,0.168,3,236.83,1999,1,0,0
13.27,0,0.028,5,131.42,2009,1,1,3
11.29,2,0.047,13,72.58,1998,2,2,1
13.75,0,0.025,13,198.23,1987,0,1,2
14.51,2,0.055,5,139.9,2009,1,1,3
9.39,0,0.12,13,77.7,1998,2,2,1
15.34,2,0.007,15,193.67,1999,1,0,0
10.49,2,0.096,12,131.73,2009,1,1,3
14.32,0,0.058,10,156.33,1987,0,1,2
8.91,0,0.108,3,113.78,1998,2,2,1
11.16,0,0.042,14,89.14,1998,2,2,1
16.04,0,0.028,6,171.28,1987,0,1,2
13.55,0,0.021,0,133.29,2009,1,1,3
10.18,0,0.021,5,112.92,1998,2,2,1
17.18,2,0.092,13,202.99,1999,1,0,0
14.34,0,0.043,13,192.42,1987,0,1,2
11.69,2,0.025,0,101.1,1998,2,2,1
9.99,0,0.042,14,171.44,2009,1,1,3
9.96,1,0.118,11,120.32,1998,2,2,1
10.15,0,0.087,13,92.32,1998,2,2,1
11.87,0,0.04,13,112.01,2009,1,1,3
19.13,0,0.018,10,166.57,1999,1,0,0
10.72,0,0.025,10,104.39,1998,2,2,1
12.37,1,0.154,8,107.55,2009,1,1,3
10.36,0,0.03,6,144.25,2009,1,1,3
14.63,0,0.054,14,178.27,1987,0,1,2
13.21,1,0.097,9,144.52,2009,1,1,3
12.05,1,0.046,8,124.5,2009,1,1,3
15.01,1,0.032,8,181.13,1987,0,1,2
14.37,0,0.113,14,181.98,1987,0,1,2
13.06,2,0.074,6,160.34,2009,1,1,3
14.1,1,0.106,9,203.7,1987,0,1,2
11.35,0,0.036,15,148.33,2009,1,1,3
10.57,0,0.023,5,150.93,2009,1,1,3
15.27,0,0.069,2,195.27,1999,1,0,0
13.32,0,0.03,6,160.84,2009,1,1,3
12.83,2,0.056,3,122.78,2009,1,1,3
14.13,0,0.15,4,210.3,1999,1,0,0
12.99,1,0.112,11,114.51,2009,1,1,3
16.28,2,0.079,0,166.18,1987,0,1,2
10.5,0,0.027,1,105.15,1998,2,2,1
15.28,1,0.025,9,117.06,2009,1,1,3
11.12,0,0.024,6,168.69,2009,1,1,3
9.53,2,0.017,5,124.97,1998,2,2,1
11.01,1,0.007,9,150.01,2009,1,1,3
14.19,0,0.235,6,169.51,1999,1,0,0
15.1,2,0.012,4,163.27,1999,1,0,0
10.68,0,0.033,13,72.37,1987,0,1,2
13.66,0,0.018,4,195.78,1987,0,1,2
10.45,0,0.019,6,141.04,2009,1,1,3
14.3,1,0.064,8,112.68,2009,1,1,3
14.58,0,0.052,5,136.64,2009,1,1,3
13.58,1,0.051,9,90.16,2009,1,1,3
15.96,1,0.08,8,176.87,1987,0,1,2
12.59,0,0.058,3,126.91,2009,1,1,3
11.61,0,0.127,13,113.3,2009,1,1,3
12.51,2,0.132,5,155.12,2009,1,1,3
13.96,0,0.01,6,132.21,2009,1,1,3
15.6,0,0.178,14,194.87,1999,1,0,0
14.21,1,0.112,9,176.33,1999,1,0,0
13.83,2,0.044,13,181.91,1999,1,0,0
10.78,2,0.128,13,170.3,2009,1,1,3
13.61,0,0.059,1,112.22,2009,1,1,3
12.31,2,0.125,4,190.94,1999,1,0,0
11.29,2,0.096,10,144.37,2009,1,1,3
16.26,0,0.025,13,188.82,1999,1,0,0
15.0,1,0.056,8,157.07,1987,0,1,2
13.07,0,0.059,13,162.75,2009,1,1,3
14.58,2,0.081,0,155.59,1987,0,1,2
9.69,2,0.027,13,51.9,1998,2,2,1
11.32,0,0.04,13,170.2,2009,1,1,3
13.58,2,0.039,10,221.72,1999,1,0,0
10.22,0,0.175,14,136.32,2009,1,1,3
12.91,0,0.106,5,130.02,2009,1,1,3
11.97,2,0.024,5,139.41,2009,1,1,3
14.38,0,0.056,13,129.89,2009,1,1,3
14.51,2,0.066,3,131.78,2009,1,1,3
17.87,0,0.033,14,207.66,1999,1,0,0
9.96,0,0.064,0,156.4,2009,1,1,3
12.17,2,0.143,7,109.71,2009,1,1,3
18.32,0,0.057,12,164.13,1999,1,0,0
12.95,0,0.057,6,148.26,2009,1,1,3
12.45,2,0.142,5,123.7,2009,1,1,3
17.03,2,0.021,4,141.13,1999,1,0,0
9.64,0,0.057,4,110.49,1998,2,2,1
10.76,1,0.126,8,152.18,2009,1,1,3
14.16,0,0.044,13,169.39,1999,1,0,0
13.8,0,0.081,6,139.15,2009,1,1,3
13.23,1,0.034,9,174.74,1987,0,1,2
8.72,0,0.132,10,137.37,1987,0,1,2
11.58,2,0.045,6,117.86,2009,1,1,3
14.68,0,0.037,0,176.06,1987,0,1,2
10.92,1,0.035,9,178.53,2009,1,1,3
8.71,2,0.046,5,134.83,1987,0,1,2
11.85,2,0.03,14,128.03,2009,1,1,3
15.53,0,0.022,10,168.86,1987,0,1,2
12.89,2,0.064,5,192.2,1999,1,0,0
13.9,0,0.035,4,168.12,1987,0,1,2
13.39,1,0.071,9,96.03,2009,1,1,3
11.95,0,0.036,7,126.09,2009,1,1,3
18.83,2,0.094,6,188.87,1999,1,0,0
12.68,2,0.021,5,129.01,2009,1,1,3
11.48,0,0.121,6,135.07,2009,1,1,3
13.13,2,0.014,6,131.47,1999,1,0,0
9.91,1,0.038,8,68.04,1998,2,2,1
11.78,0,0.047,14,153.89,2009,1,1,3
12.61,0,0.052,6,142.08,2009,1,1,3
15.58,3,0.052,7,182.11,1987,0,1,2
14.67,2,0.095,0,123.96,2009,1,1,3
10.61,1,0.196,9,154.17,2009,1,1,3
16.42,0,0.052,0,159.07,1987,0,1,2
14.29,2,0.086,1,173.39,1999,1,0,0
16.28,0,0.047,4,136.19,1987,0,1,2
12.94,2,0.133,6,156.64,2009,1,1,3
13.82,0,0.013,7,190.68,1987,0,1,2
11.27,0,0.048,13,166.42,2009,1,1,3
11.78,1,0.126,9,168.68,2009,1,1,3
15.51,2,0.052,13,178.74,1987,0,1,2
15.73,0,0.171,13,137.01,2009,1,1,3
12.0,2,0.126,13,150.89,2009,1,1,3
9.2,0,0.061,13,110.7,1998,2,2,1
9.33,0,0.056,1,136.9,1987,0,1,2
14.51,1,0.038,8,148.51,2009,1,1,3
18.13,1,0.168,9,175.09,1999,1,0,0
14.52,1,0.029,9,152.44,2009,1,1,3
12.96,1,0.071,9,102.52,2009,1,1,3
12.75,1,0.086,9,139.62,2009,1,1,3
13.28,0,0.071,7,127.34,2009,1,1,3
11.44,0,0.088,5,121.42,2009,1,1,3
11.66,2,0.046,6,156.04,2009,1,1,3
10.71,0,0.023,13,136.46,2009,1,1,3
13.38,0,0.025,3,145.21,2009,1,1,3
17.34,1,0.122,9,185.81,1999,1,0,0
9.46,1,0.049,8,140.28,2009,1,1,3
11.36,0,0.013,3,169.53,2009,1,1,3
14.2,0,0.113,6,152.24,2009,1,1,3
10.85,0,0.104,5,216.4,1999,1,0,0
13.89,0,0.104,3,173.64,1999,1,0,0
12.01,0,0.032,0,147.05,2009,1,1,3
10.55,2,0.039,5,113.22,1998,2,2,1
11.54,0,0.03,13,177.65,2009,1,1,3
12.83,2,0.079,4,169.12,2009,1,1,3
12.64,0,0.019,4,165.51,2009,1,1,3
11.42,1,0.031,8,116.53,2009,1,1,3
10.49,2,0.142,0,136.7,2009,1,1,3
14.57,0,0.014,3,103.73,2009,1,1,3
11.05,1,0.167,9,103.52,1998,2,2,1
11.56,0,0.179,7,152.18,2009,1,1,3
7.16,0,0.025,14,118.89,1998,2,2,1
11.57,2,0.076,4,184.69,2009,1,1,3
14.2,0,0.072,6,166.09,1987,0,1,2
14.57,0,0.036,14,117.44,2009,1,1,3
12.24,0,0.151,0,121.0,2009,1,1,3
11.63,0,0.074,13,114.86,2009,1,1,3
8.18,2,0.065,3,110.71,1998,2,2,1
14.9,0,0.083,14,152.82,1987,0,1,2
12.66,3,0.035,12,128.72,2009,1,1,3
12.21,2,0.045,15,182.01,1987,0,1,2
11.6,0,0.039,13,167.31,2009,1,1,3
15.17,2,0.019,14,154.26,1987,0,1,2
14.8,0,0.067,6,170.45,1999,1,0,0
11.11,0,0.016,1,168.41,2009,1,1,3
9.61,0,0.015,6,119.13,1998,2,2,1
11.75,1,0.042,8,188.18,1999,1,0,0
12.79,0,0.129,13,158.23,2009,1,1,3
12.18,0,0.12,6,103.29,1987,0,1,2
12.68,0,0.034,3,121.0,2009,1,1,3
13.84,0,0.024,13,125.06,2009,1,1,3
12.38,0,0.112,6,164.34,2009,1,1,3
13.38,0,0.151,5,130.51,2009,1,1,3
14.68,1,0.168,9,115.47,2009,1,1,3
9.49,0,0.01,6,109.57,1998,2,2,1
11.7,0,0.108,14,127.24,2009,1,1,3
16.36,2,0.103,5,142.17,1987,0,1,2
12.81,0,0.144,4,166.58,2009,1,1,3
11.28,2,0.054,14,87.69,1998,2,2,1
10.49,2,0.074,10,122.71,1987,0,1,2
11.9,0,0.172,4,97.08,1998,2,2,1
12.03,1,0.019,9,182.31,1987,0,1,2
11.62,2,0.055,5,156.79,2009,1,1,3
12.9,0,0.036,6,97.93,2009,1,1,3
9.41,0,0.011,4,108.39,1998,2,2,1
13.56,2,0.076,6,143.3,2009,1,1,3
9.92,0,0.047,4,96.75,1987,0,1,2
10.94,2,0.16,3,138.26,2009,1,1,3
14.23,1,0.228,8,154.62,2009,1,1,3
12.61,1,0.039,9,165.19,2009,1,1,3
11.76,0,0.128,14,132.95,2009,1,1,3
12.61,2,0.045,13,154.08,2009,1,1,3
15.26,2,0.057,4,210.59,1999,1,0,0
14.84,0,0.076,13,176.91,1987,0,1,2
13.44,0,0.021,5,157.43,2009,1,1,3
13.09,0,0.011,13,140.59,2009,1,1,3
14.07,2,0.053,10,159.7,1987,0,1,2
11.2,1,0.083,9,117.24,2009,1,1,3
11.47,1,0.083,8,122.24,2009,1,1,3
15.27,0,0.024,6,181.18,1987,0,1,2
11.59,3,0.091,4,145.79,2009,1,1,3
12.9,1,0.061,8,156.48,1999,1,0,0
12.19,0,0.026,6,106.44,2009,1,1,3
12.28,0,0.026,13,154.38,2009,1,1,3
12.85,0,0.074,6,136.43,2009,1,1,3
12.33,0,0.035,0,168.63,2009,1,1,3
12.06,0,0.058,1,131.64,2009,1,1,3
11.95,0,0.122,4,155.01,2009,1,1,3
13.01,0,0.122,0,138.08,2009,1,1,3
12.55,0,0.186,6,156.55,2009,1,1,3
12.05,0,0.05,5,170.25,2009,1,1,3
13.17,0,0.043,4,119.91,2009,1,1,3
14.26,0,0.036,4,169.03,1999,1,0,0
14.87,0,0.154,6,151.9,1987,0,1,2
11.39,0,0.064,13,124.5,2009,1,1,3
10.02,0,0.022,13,119.78,1987,0,1,2
10.92,0,0.295,3,157.14,2009,1,1,3
10.78,0,0.037,3,144.32,2009,1,1,3
13.9,2,0.039,0,175.35,1999,1,0,0
13.89,2,0.044,7,151.6,2009,1,1,3
13.24,0,0.121,13,169.93,1987,0,1,2
16.62,2,0.017,4,179.67,1999,1,0,0
15.03,2,0.035,7,147.59,1987,0,1,2
7.0,0,0.081,1,142.49,1998,2,2,1
12.87,0,0.029,1,160.47,2009,1,1,3
17.45,2,0.036,13,156.65,1999,1,0,0
12.31,0,0.012,5,137.8,2009,1,1,3
10.62,0,0.096,6,117.65,1987,0,1,2
13.19,0,0.048,3,145.62,2009,1,1,3
15.4,0,0.027,3,204.46,1999,1,0,0
13.08,0,0.049,10,116.28,2009,1,1,3
11.41,0,0.143,5,184.03,2009,1,1,3
14.8,1,0.154,9,161.76,1999,1,0,0
13.15,2,0.012,13,167.99,2009,1,1,3
16.56,0,0.091,15,173.26,1999,1,0,0
13.08,0,0.085,3,150.7,2009,1,1,3
15.34,0,0.029,3,188.03,1987,0,1,2
15.72,0,0.067,15,175.09,1987,0,1,2
12.48,0,0.076,3,179.08,1987,0,1,2
11.86,2,0.123,13,111.41,2009,1,1,3
13.39,0,0.097,5,147.12,2009,1,1,3
7.03,0,0.172,13,99.01,1998,2,2,1
14.44,2,0.027,10,184.72,1987,0,1,2
13.61,0,0.097,6,108.82,2009,1,1,3
17.74,2,0.019,0,201.59,1999,1,0,0
13.36,2,0.116,0,165.89,2009,1,1,3
14.17,0,0.038,13,125.58,2009,1,1,3
11.47,1,0.096,11,145.6,2009,1,1,3
10.32,0,0.009,6,165.42,2009,1,1,3
7.73,1,0.025,8,116.23,1998,2,2,1
8.34,0,0.069,0,124.99,1998,2,2,1
15.93,3,0.102,12,202.92,1999,1,0,0
13.52,2,0.056,1,153.45,2009,1,1,3
13.1,2,0.128,4,160.19,2009,1,1,3
10.92,0,0.051,3,116.75,1987,0,1,2
10.87,2,0.027,1,132.68,2009,1,1,3
13.33,0,0.147,14,154.99,2009,1,1,3
11.32,0,0.122,14,105.18,1998,2,2,1
8.95,1,0.059,9,116.97,1998,2,2,1
9.83,0,0.124,6,157.1,2009,1,1,3
10.06,0,0.01,6,67.3,1998,2,2,1
12.13,2,0.034,14,100.6,1987,0,1,2
18.19,0,0.01,6,175.59,1999,1,0,0
10.42,1,0.034,8,123.46,1987,0,1,2
13.64,0,0.12,15,186.28,1999,1,0,0
15.48,0,0.098,13,138.1,2009,1,1,3
12.23,1,0.179,9,94.2,1998,2,2,1
9.84,0,0.043,5,138.63,2009,1,1,3
13.27,0,0.081,13,144.17,2009,1,1,3
7.92,0,0.027,10,134.91,1998,2,2,1
11.08,0,0.047,0,195.09,1987,0,1,2
12.73,2,0.099,3,125.94,2009,1,1,3
12.86,0,0.149,5,164.67,2009,1,1,3
8.26,0,0.116,5,94.18,1998,2,2,1
11.66,0,0.072,10,176.77,2009,1,1,3
15.63,0,0.054,4,184.91,1998,2,2,1
12.76,2,0.029,3,168.21,2009,1,1,3
14.05,1,0.079,8,113.29,2009,1,1,3
9.88,0,0.026,3,131.72,2009,1,1,3
11.69,0,0.068,3,101.83,1987,0,1,2
12.42,2,0.016,15,136.13,2009,1,1,3
13.71,0,0.026,13,119.95,2009,1,1,3
13.23,0,0.031,6,157.0,2009,1,1,3
13.37,1,0.068,11,230.34,1999,1,0,0
14.12,0,0.05,1,165.3,1987,0,1,2
11.12,0,0.024,15,149.28,2009,1,1,3
12.77,0,0.082,14,123.32,2009,1,1,3
7.86,0,0.064,13,90.25,1998,2,2,1
13.49,1,0.043,11,165.5,1987,0,1,2
16.02,0,0.07,4,156.21,1999,1,0,0
12.94,0,0.08,13,167.52,2009,1,1,3
15.12,0,0.032,6,191.62,1987,0,1,2
15.85,0,0.072,0,175.85,1998,2,2,1
14.87,0,0.077,10,154.58,1987,0,1,2
12.39,2,0.102,14,164.12,2009,1,1,3
9.71,1,0.008,11,145.5,2009,1,1,3
15.35,0,0.109,3,148.09,1987,0,1,2
10.13,0,0.015,4,93.1,1998,2,2,1
14.03,1,0.016,9,157.94,2009,1,1,3
11.38,2,0.026,0,145.27,2009,1,1,3
11.94,2,0.049,5,139.55,2009,1,1,3
12.04,2,0.172,3,163.12,2009,1,1,3
12.24,0,0.029,6,194.68,1999,1,0,0
9.84,2,0.033,6,129.24,1987,0,1,2
12.62,0,0.073,13,136.18,2009,1,1,3
12.73,0,0.027,0,144.29,2009,1,1,3
12.54,0,0.032,1,158.7,2009,1,1,3
14.68,0,0.041,4,144.79,2009,1,1,3
9.0,2,0.061,0,126.52,1998,2,2,1
13.43,0,0.027,0,170.69,1987,0,1,2
13.81,0,0.122,6,134.94,2009,1,1,3
12.64,2,0.093,6,165.84,1998,2,2,1
14.61,0,0.061,14,164.86,1999,1,0,0
12.47,2,0.04,1,151.92,2009,1,1,3
12.53,0,0.128,6,134.26,2009,1,1,3
10.37,0,0.117,5,141.27,2009,1,1,3
17.36,0,0.094,4,169.33,1999,1,0,0
9.17,0,0.027,5,93.63,1998,2,2,1
15.98,0,0.015,7,152.25,1999,1,0,0
14.43,0,0.068,13,164.13,1999,1,0,0
9.53,2,0.015,7,90.11,1998,2,2,1
13.47,0,0.093,4,145.77,2009,1,1,3
10.86,2,0.033,1,138.43,2009,1,1,3
11.48,0,0.048,1,102.47,1998,2,2,1
12.54,0,0.077,4,178.81,1987,0,1,2
11.72,3,0.102,0,143.79,2009,1,1,3
17.37,0,0.033,14,173.52,1999,1,0,0
16.84,0,0.099,14,211.79,1999,1,0,0
13.43,0,0.07,6,146.63,2009,1,1,3
13.2,0,0.03,4,149.75,2009,1,1,3
12.64,1,0.013,9,162.56,2009,1,1,3
17.61,0,0.11,6,159.93,1999,1,0,0
11.24,0,0.044,15,134.05,2009,1,1,3
13.84,2,0.104,6,168.07,1987,0,1,2
11.03,0,0.07,1,84.04,1998,2,2,1
11.76,0,0.151,1,116.27,2009,1,1,3
12.77,1,0.095,9,138.01,2009,1,1,3
14.74,2,0.072,13,166.59,1999,1,0,0
13.69,1,0.06,11,138.98,2009,1,1,3
11.39,0,0.144,10,153.67,1999,1,0,0
12.28,2,0.126,14,180.88,1987,0,1,2
12.34,0,0.168,3,156.47,2009,1,1,3
13.84,0,0.039,0,174.45,1999,1,0,0
10.35,0,0.015,7,109.57,1998,2,2,1
16.49,1,0.024,8,181.14,1999,1,0,0
12.19,0,0.133,13,146.07,2009,1,1,3
10.45,1,0.027,9,124.42,1987,0,1,2
11.45,1,0.014,8,119.93,2009,1,1,3
8.81,2,0.073,14,138.65,1987,0,1,2
12.22,2,0.038,13,162.19,2009,1,1,3
13.48,1,0.061,8,152.22,2009,1,1,3
10.67,2,0.077,3,133.41,2009,1,1,3
12.89,0,0.055,6,145.21,2009,1,1,3
11.94,2,0.025,14,156.56,2009,1,1,3
11.86,1,0.043,9,138.12,2009,1,1,3
11.39,1,0.09,9,148.97,2009,1,1,3
14.3,0,0.084,13,153.77,2009,1,1,3
9.59,0,0.068,0,105.51,1998,2,2,1
13.13,2,0.076,13,203.58,1987,0,1,2
12.34,0,0.103,6,133.52,2009,1,1,3
10.3,0,0.082,10,97.08,1998,2,2,1
12.53,0,0.153,4,138.85,2009,1,1,3
8.93,0,0.023,3,118.25,1998,2,2,1
9.72,1,0.047,9,139.61,2009,1,1,3
8.71,0,0.042,5,132.48,1998,2,2,1
10.83,0,0.174,3,111.45,1987,0,1,2
14.06,1,0.042,9,141.08,2009,1,1,3
10.65,0,0.062,6,127.01,2009,1,1,3
12.99,1,0.141,9,106.83,2009,1,1,3
12.35,1,0.036,9,90.25,1998,2,2,1
14.86,0,0.009,4,175.22,1987,0,1,2
20.27,0,0.021,4,222.71,1999,1,0,0
12.46,0,0.082,2,161.42,2009,1,1,3
15.05,1,0.014,9,160.15,1999,1,0,0
10.85,0,0.097,5,138.56,2009,1,1,3
10.65,0,0.053,14,174.51,2009,1,1,3
10.24,0,0.098,7,108.62,1998,2,2,1
10.51,2,0.078,2,132.72,2009,1,1,3
12.49,1,0.006,8,142.64,2009,1,1,3
11.91,1,0.098,8,160.78,2009,1,1,3
12.43,0,0.082,5,150.27,2009,1,1,3
11.82,0,0.104,3,81.45,1987,0,1,2
16.68,0,0.171,5,163.9,1987,0,1,2
10.23,0,0.142,0,140.42,2009,1,1,3
15.01,0,0.178,1,187.3,1987,0,1,2
13.22,1,0.008,8,174.99,1987,0,1,2
15.04,1,0.065,9,159.1,1999,1,0,0
15.29,0,0.024,0,177.0,1987,0,1,2
11.11,2,0.048,6,108.9,1987,0,1,2
14.02,1,0.02,9,176.65,1999,1,0,0
15.29,2,0.12,3,140.61,2009,1,1,3
14.02,0,0.067,5,197.16,1987,0,1,2
13.15,0,0.067,4,153.82,2009,1,1,3
14.83,1,0.078,8,195.94,1987,0,1,2
16.04,2,0.018,10,188.04,1999,1,0,0
8.68,0,0.033,13,105.52,1998,2,2,1
12.79,2,0.174,10,162.29,2009,1,1,3
9.61,2,0.074,0,129.04,1987,0,1,2
14.16,0,0.017,3,197.89,1987,0,1,2
9.2,1,0.058,8,85.06,1998,2,2,1
12.89,2,0.023,13,101.86,2009,1,1,3
12.88,1,0.036,8,158.01,1998,2,2,1
10.77,1,0.091,9,131.52,2009,1,1,3
10.31,1,0.036,9,118.2,1987,0,1,2
13.21,0,0.071,4,156.85,2009,1,1,3
9.41,1,0.013,8,121.78,1998,2,2,1
13.46,2,0.122,4,179.09,1999,1,0,0
11.08,0,0.031,13,174.83,2009,1,1,3
13.42,0,0.131,6,136.64,2009,1,1,3
7.33,1,0.031,9,83.2,1998,2,2,1
12.48,0,0.108,6,109.75,2009,1,1,3
11.07,2,0.102,0,96.39,1998,2,2,1
12.62,1,0.107,9,194.64,1998,2,2,1
12.84,2,0.103,1,177.55,1987,0,1,2
12.04,0,0.064,3,129.1,2009,1,1,3
14.66,0,0.066,12,193.33,1999,1,0,0
12.66,0,0.013,4,134.81,2009,1,1,3
10.82,0,0.064,6,148.05,2009,1,1,3
11.91,0,0.036,15,147.64,2009,1,1,3
8.47,2,0.031,15,73.7,1998,2,2,1
11.91,2,0.174,10,101.32,1987,0,1,2
14.76,0,0.069,5,154.51,1987,0,1,2
13.47,0,0.123,4,169.15,1987,0,1,2
11.82,0,0.162,5,184.56,1987,0,1,2
14.33,0,0.076,4,180.41,1987,0,1,2
8.7,0,0.079,6,136.77,1987,0,1,2
13.32,2,0.054,13,166.25,2009,1,1,3
9.37,0,0.042,6,162.92,2009,1,1,3
11.46,1,0.021,8,132.35,2009,1,1,3
10.63,0,0.082,1,159.04,2009,1,1,3
14.86,1,0.054,9,156.97,1987,0,1,2
11.85,2,0.034,4,165.75,2009,1,1,3
6.65,0,0.068,6,116.13,1998,2,2,1
14.4,0,0.138,6,172.66,1999,1,0,0
12.55,0,0.095,10,139.35,2009,1,1,3
15.3,0,0.112,13,194.14,1999,1,0,0
15.28,1,0.061,9,179.62,1987,0,1,2
16.59,0,0.021,1,221.88,1999,1,0,0
8.71,2,0.018,6,121.69,1998,2,2,1
9.08,0,0.012,4,137.71,1987,0,1,2
13.19,0,0.053,6,196.63,1987,0,1,2
10.87,0,0.105,5,106.74,1998,2,2,1
16.43,0,0.066,5,141.98,1999,1,0,0
12.29,1,0.044,9,120.74,2009,1,1,3
13.77,0,0.029,10,131.26,2009,1,1,3
8.53,0,0.026,13,104.58,1998,2,2,1
15.38,3,0.096,13,110.93,2009,1,1,3
14.99,2,0.061,6,150.68,1987,0,1,2
7.27,0,0.061,14,134.1,1998,2,2,1
10.07,2,0.049,1,119.27,1987,0,1,2
9.77,0,0.013,7,115.44,1998,2,2,1
11.36,0,0.069,14,165.22,2009,1,1,3
14.25,1,0.014,11,166.64,1999,1,0,0
9.16,2,0.023,10,112.78,1998,2,2,1
12.98,0,0.035,13,130.02,2009,1,1,3
12.97,0,0.119,13,148.91,2009,1,1,3
15.76,0,0.036,3,147.44,1987,0,1,2
16.23,2,0.064,5,194.58,1999,1,0,0
14.88,0,0.031,10,160.28,1999,1,0,0
13.15,2,0.062,10,131.62,2009,1,1,3
9.91,1,0.059,8,116.83,1998,2,2,1
16.27,2,0.075,10,161.84,1987,0,1,2
13.34,1,0.042,9,159.57,2009,1,1,3
9.49,2,0.084,3,89.21,1998,2,2,1
10.08,0,0.036,13,146.12,2009,1,1,3
17.0,2,0.183,6,140.25,1999,1,0,0
14.36,2,0.097,14,194.29,1987,0,1,2
14.8,0,0.089,13,198.91,1999,1,0,0
11.18,1,0.096,8,127.62,2009,1,1,3
15.58,1,0.045,8,140.46,2009,1,1,3
12.15,0,0.081,15,78.82,1998,2,2,1
14.55,2,0.107,4,188.52,1999,1,0,0
13.46,0,0.15,3,169.06,1987,0,1,2
14.92,1,0.171,9,152.48,1987,0,1,2
11.07,2,0.04,13,97.88,1998,2,2,1
12.96,0,0.064,14,136.19,2009,1,1,3
12.9,1,0.087,9,176.86,1987,0,1,2
12.08,0,0.034,6,131.77,2009,1,1,3
11.26,0,0.065,6,90.04,1998,2,2,1
14.91,2,0.08,5,157.23,1987,0,1,2
10.57,2,0.121,4,134.5,2009,1,1,3
13.34,2,0.058,13,108.9,2009,1,1,3
14.3,0,0.06,3,161.21,1987,0,1,2
14.28,0,0.019,4,150.42,2009,1,1,3
12.64,0,0.099,15,96.05,1987,0,1,2
15.26,1,0.026,8,184.76,1987,0,1,2
8.16,1,0.093,9,64.66,1998,2,2,1
13.31,0,0.041,4,130.39,2009,1,1,3
10.67,0,0.084,5,119.7,1987,0,1,2
17.48,0,0.12,7,213.86,1999,1,0,0
11.13,1,0.005,8,120.64,2009,1,1,3
9.75,2,0.128,6,138.87,2009,1,1,3
12.19,0,0.092,2,164.5,2009,1,1,3
12.82,1,0.116,9,125.12,2009,1,1,3
14.16,0,0.055,12,138.84,2009,1,1,3
9.73,2,0.031,3,175.81,2009,1,1,3
9.86,2,0.116,10,95.57,1998,2,2,1
15.71,2,0.064,0,162.65,1999,1,0,0
14.14,0,0.041,4,170.73,1999,1,0,0
11.25,2,0.041,6,153.72,2009,1,1,3
14.83,0,0.022,10,187.71,1987,0,1,2
11.76,0,0.053,6,136.29,2009,1,1,3
14.93,0,0.165,1,185.32,1987,0,1,2
13.92,2,0.083,10,174.02,1999,1,0,0
12.56,2,0.018,0,150.88,2009,1,1,3
14.21,2,0.038,5,173.12,1999,1,0,0
16.94,2,0.138,6,220.44,1999,1,0,0
15.62,0,0.036,5,168.9,1987,0,1,2
17.06,0,0.1,13,201.66,1987,0,1,2
12.66,3,0.065,14,98.86,1987,0,1,2
9.5,0,0.033,13,118.06,1998,2,2,1
15.48,2,0.142,6,173.01,1987,0,1,2
14.75,1,0.021,9,166.82,1999,1,0,0
13.31,0,0.019,4,145.26,2009,1,1,3
7.85,2,0.164,5,115.66,1999,1,0,0
13.08,0,0.014,4,139.35,2009,1,1,3
16.33,2,0.057,13,177.97,1999,1,0,0
11.5,0,0.168,5,128.0,2009,1,1,3
14.7,0,0.089,6,199.21,1987,0,1,2
12.49,0,0.292,5,131.49,2009,1,1,3
10.69,0,0.093,0,161.36,2009,1,1,3
13.3,2,0.03,3,156.27,2009,1,1,3
17.02,2,0.076,6,224.36,1999,1,0,0
10.15,2,0.052,13,137.92,2009,1,1,3
8.91,1,0.063,11,118.37,1998,2,2,1
12.21,1,0.075,9,151.2,2009,1,1,3
7.36,0,0.011,3,130.79,1998,2,2,1
11.61,0,0.062,13,140.06,2009,1,1,3
14.06,1,0.142,9,144.51,2009,1,1,3
14.44,1,0.038,8,151.68,2009,1,1,3
12.65,2,0.094,4,132.79,2009,1,1,3
15.33,0,0.032,4,146.32,1987,0,1,2
11.96,2,0.009,0,159.43,2009,1,1,3
10.01,1,0.08,9,143.18,2009,1,1,3
14.09,1,0.036,8,207.15,1999,1,0,0
9.01,0,0.22,10,135.19,1998,2,2,1
16.9,1,0.054,9,204.06,1999,1,0,0
12.64,1,0.015,8,163.81,2009,1,1,3
14.47,0,0.03,13,114.68,2009,1,1,3
13.23,2,0.07,5,175.17,1987,0,1,2
15.11,0,0.01,4,208.36,1999,1,0,0
16.84,2,0.096,5,159.09,1998,2,2,1
14.04,2,0.127,10,134.97,2009,1,1,3
14.07,0,0.074,5,155.36,2009,1,1,3
15.28,0,0.027,5,123.04,2009,1,1,3
10.54,0,0.076,6,113.56,1998,2,2,1
13.96,0,0.026,14,168.46,1987,0,1,2
12.07,0,0.107,4,118.99,2009,1,1,3
15.26,2,0.031,3,170.72,1987,0,1,2
